State,Birthplace,Weight
1,512,2.21
1,1,33385.04
1,2,70.12
1,515,53.67
1,4,67.6
1,5,167.88
1,518,49.79
1,513,12.02
1,8,86.01
1,521,93.65
1,10,23.36
1,11,55.61
1,12,1221.8
1,13,1701.83
1,15,40.98
1,16,14.48
1,17,559.42
1,18,300.89
1,19,75.21
1,20,102.23
1,21,262.57
1,22,484.88
1,23,47.82
1,24,112.72
1,25,118.5
1,26,472.72
1,27,59.43
1,28,986.88
1,29,206.95
1,542,12.71
1,31,45.19
1,32,14.48
1,33,16.43
1,34,176.82
1,35,43.63
1,36,434.78
1,37,312.86
1,38,20.6
1,39,481.02
1,40,117.36
1,41,34.08
1,42,286.12
1,44,20.17
1,45,216.62
1,46,17.53
1,47,820.88
1,48,599.81
1,49,22.31
1,50,12.06
1,51,286.29
1,53,94.46
1,54,103.17
1,9,62.49
1,56,11.91
1,522,13.89
1,438,9.04
1,524,2.92
1,514,4.2
1,599,4.41
1,600,72.99
1,100,1.99
1,105,8.57
1,110,42.0
1,115,2.82
1,532,2.21
1,534,4.46
1,535,3.02
1,516,0.59
1,536,1.41
1,150,40.53
1,537,3.05
1,160,3.66
1,540,3.55
1,517,9.27
1,541,0.98
1,30,16.96
1,6,494.38
1,700,6.99
1,544,3.65
1,710,0.75
1,200,655.34
1,210,158.47
1,250,13.0
1,260,44.43
1,520,0.29
1,299,0.72
1,300,63.34
1,55,103.57
1,400,0.64
1,401,0.38
1,402,0.83
1,404,2.3
1,405,3.11
1,410,42.38
1,411,4.82
1,413,14.78
1,414,3.94
1,420,2.58
1,421,9.66
1,425,6.74
1,426,1.52
1,430,0.15
1,433,4.57
1,434,11.62
1,436,1.31
1,950,1.16
1,450,2.51
1,451,0.49
1,452,3.54
1,453,204.69
1,454,0.77
1,455,3.85
1,456,6.78
1,457,2.89
1,460,0.19
1,461,0.44
1,462,0.19
1,465,35.77
1,499,0.8
1,500,73.44
1,501,47.77
1,502,75.9
1,511,4.23
2,512,0.87
2,1,40.12
2,2,2759.95
2,515,155.41
2,4,68.96
2,517,13.0
2,6,483.21
2,513,10.2
2,8,100.19
2,9,22.68
2,10,7.27
2,11,11.65
2,12,91.56
2,13,62.64
2,15,52.19
2,16,79.91
2,17,102.28
2,18,52.35
2,19,44.3
2,20,44.94
2,21,25.63
2,22,40.65
2,23,18.17
2,24,27.71
2,25,46.19
2,26,144.55
2,27,127.85
2,28,21.31
2,29,61.7
2,30,90.53
2,31,40.27
2,32,22.04
2,33,14.3
2,34,48.2
2,35,38.36
2,36,147.52
2,518,7.4
2,38,39.31
2,39,103.01
2,40,62.09
2,41,204.37
2,42,107.27
2,44,8.98
2,45,29.31
2,46,34.53
2,47,29.45
2,48,176.49
2,49,57.82
2,50,7.56
2,51,43.75
2,53,327.59
2,54,12.53
2,521,9.27
2,56,28.87
2,522,0.96
2,950,2.07
2,524,0.05
2,514,1.1
2,599,0.29
2,600,16.39
2,100,24.35
2,105,8.27
2,110,8.73
2,115,0.82
2,534,3.86
2,516,0.26
2,150,31.69
2,537,0.77
2,5,31.53
2,160,0.07
2,540,0.31
2,541,0.09
2,542,0.99
2,700,8.68
2,710,3.01
2,200,37.58
2,210,17.67
2,37,51.08
2,250,1.37
2,260,24.84
2,520,0.07
2,299,0.44
2,300,20.85
2,55,85.95
2,401,0.87
2,402,1.45
2,404,1.4
2,405,2.19
2,410,8.15
2,411,1.91
2,413,3.85
2,414,3.35
2,420,0.4
2,421,4.64
2,425,5.4
2,426,3.7
2,430,1.9
2,433,2.42
2,434,3.62
2,436,0.65
2,438,2.64
2,450,0.8
2,451,0.84
2,452,1.2
2,453,49.65
2,454,0.47
2,455,5.56
2,456,0.27
2,457,4.31
2,461,1.17
2,465,24.09
2,499,0.26
2,500,15.33
2,501,21.65
2,502,38.27
2,509,0.41
2,511,1.81
4,512,15.15
4,1,154.9
4,2,141.83
4,515,257.31
4,4,23342.03
4,5,267.22
4,6,5854.21
4,513,13.18
4,8,768.65
4,521,297.33
4,10,35.37
4,11,103.93
4,12,367.66
4,13,187.05
4,15,161.75
4,16,277.55
4,17,2416.0
4,18,758.15
4,19,790.78
4,20,471.44
4,21,218.84
4,22,193.02
4,23,133.05
4,24,208.07
4,25,488.43
4,26,1471.27
4,27,862.19
4,28,112.96
4,29,638.59
4,542,10.72
4,31,452.56
4,32,240.13
4,33,82.97
4,34,602.98
4,35,773.46
4,36,1922.67
4,518,175.39
4,38,254.15
4,39,1417.67
4,40,459.25
4,41,416.66
4,42,1049.1
4,44,81.69
4,45,90.62
4,46,255.67
4,47,220.66
4,48,1473.41
4,49,663.45
4,50,52.98
4,51,270.88
4,53,741.24
4,54,148.93
4,9,239.33
4,56,175.31
4,522,50.67
4,950,11.35
4,524,2.43
4,514,12.16
4,599,14.57
4,600,217.45
4,100,9.44
4,105,23.34
4,110,73.58
4,115,3.18
4,532,85.6
4,534,16.62
4,535,15.17
4,516,7.58
4,536,5.69
4,150,390.65
4,537,19.86
4,160,5.14
4,540,12.07
4,517,43.47
4,541,9.65
4,30,227.64
4,700,19.48
4,544,5.59
4,710,9.16
4,200,5552.95
4,210,270.96
4,37,214.93
4,250,42.1
4,260,63.76
4,520,10.79
4,299,1.56
4,300,201.33
4,55,838.93
4,400,7.6
4,401,4.82
4,402,2.39
4,404,5.3
4,405,12.3
4,410,115.87
4,411,19.07
4,413,65.55
4,414,21.47
4,420,8.86
4,421,38.31
4,425,28.6
4,426,11.26
4,430,6.67
4,433,18.02
4,434,63.48
4,436,9.89
4,438,26.29
4,450,10.32
4,451,8.82
4,452,15.59
4,453,316.05
4,454,17.28
4,455,48.67
4,456,54.61
4,457,98.84
4,460,0.55
4,461,4.38
4,462,3.67
4,465,88.56
4,499,5.61
4,500,219.63
4,501,94.07
4,502,140.19
4,509,0.6
4,511,11.9
5,512,3.2
5,1,137.51
5,2,98.81
5,515,39.0
5,4,110.92
5,5,17616.73
5,6,1074.38
5,513,30.19
5,8,121.38
5,521,51.13
5,10,9.62
5,11,21.59
5,12,207.85
5,13,118.96
5,15,17.08
5,16,27.05
5,17,650.96
5,18,219.17
5,19,194.67
5,20,313.89
5,21,104.91
5,22,515.36
5,23,22.56
5,24,35.5
5,25,52.21
5,26,320.41
5,27,104.86
5,28,352.69
5,29,814.53
5,30,15.93
5,31,100.32
5,32,30.56
5,33,9.15
5,34,63.61
5,35,77.27
5,36,163.2
5,37,85.6
5,38,20.27
5,39,197.1
5,40,685.72
5,41,66.53
5,42,125.99
5,44,18.76
5,45,43.6
5,46,35.93
5,47,588.99
5,48,1460.6
5,49,32.31
5,50,6.1
5,51,95.75
5,53,85.33
5,54,44.79
5,55,137.11
5,56,24.51
5,522,3.43
5,950,30.19
5,524,2.45
5,514,1.35
5,599,1.48
5,600,26.18
5,100,0.15
5,105,3.35
5,110,23.98
5,115,0.63
5,532,3.67
5,534,1.91
5,535,2.52
5,516,0.89
5,536,0.62
5,150,27.96
5,537,0.95
5,160,0.63
5,540,1.11
5,517,8.65
5,541,1.64
5,542,2.15
5,700,7.62
5,200,634.75
5,518,50.37
5,210,160.09
5,250,3.15
5,260,12.0
5,9,33.1
5,299,0.62
5,300,36.34
5,400,0.36
5,401,0.2
5,402,0.52
5,404,0.32
5,405,1.1
5,410,20.39
5,411,2.82
5,413,10.26
5,414,4.5
5,420,0.64
5,421,13.64
5,425,2.56
5,426,0.57
5,430,0.34
5,433,0.8
5,434,8.32
5,436,1.47
5,438,3.86
5,450,1.59
5,451,3.18
5,452,1.43
5,453,81.38
5,454,2.12
5,455,1.63
5,456,5.57
5,457,3.27
5,460,0.24
5,461,0.3
5,462,0.51
5,465,10.09
5,499,0.54
5,500,34.47
5,501,26.17
5,502,23.91
5,509,1.58
5,511,2.55
6,512,411.01
6,1,738.32
6,2,461.73
6,515,8554.92
6,4,1949.7
6,5,1134.96
6,6,197156.03
6,513,589.96
6,8,1704.53
6,521,4228.91
6,522,1993.08
6,11,490.24
6,12,1224.12
6,514,153.29
6,15,1290.13
6,16,584.32
6,17,4662.97
6,18,1402.5
6,19,1313.32
6,20,1080.95
6,21,477.24
6,22,1567.76
6,23,556.22
6,24,769.18
6,537,321.29
6,26,2837.86
6,27,1563.31
6,28,776.13
6,29,1744.33
6,30,440.47
6,31,906.82
6,32,779.31
6,33,217.63
6,34,1903.24
6,35,958.52
6,36,6239.17
6,518,4822.44
6,38,473.32
6,39,3005.66
6,40,1670.21
6,41,1705.82
6,42,2913.15
6,44,322.44
6,45,358.56
6,46,454.23
6,47,729.01
6,48,5213.16
6,49,1028.66
6,50,105.28
6,51,1054.15
6,53,2360.88
6,54,289.18
6,55,1305.12
6,56,283.85
6,10,131.67
6,950,57.27
6,524,50.88
6,13,789.69
6,599,143.57
6,600,1563.94
6,100,176.66
6,105,262.72
6,110,373.72
6,115,27.58
6,532,311.23
6,534,335.27
6,535,152.86
6,516,96.19
6,536,37.09
6,150,1424.9
6,25,1913.51
6,160,13.25
6,540,65.56
6,517,705.02
6,541,178.84
6,542,164.77
6,700,282.99
6,544,68.59
6,710,465.22
6,200,43860.33
6,210,8467.7
6,37,755.18
6,250,391.82
6,260,346.39
6,520,265.9
6,9,813.86
6,299,41.1
6,300,2450.25
6,400,87.83
6,401,30.88
6,402,11.76
6,404,49.04
6,405,122.34
6,410,779.66
6,411,117.98
6,413,481.32
6,414,217.87
6,420,53.35
6,421,389.01
6,425,202.03
6,426,101.96
6,430,12.24
6,433,151.43
6,434,385.13
6,436,299.69
6,438,162.76
6,450,89.53
6,451,87.28
6,452,102.99
6,453,1256.41
6,454,127.84
6,455,231.5
6,456,270.63
6,457,226.6
6,460,12.61
6,461,32.94
6,462,33.72
6,465,2231.13
6,499,47.67
6,500,7333.95
6,501,1403.83
6,502,3442.81
6,509,59.44
6,511,580.73
8,512,16.33
8,1,148.12
8,2,123.77
8,515,115.69
8,4,483.41
8,5,165.78
8,6,3016.35
8,513,22.32
8,8,20937.11
8,521,164.53
8,10,39.23
8,11,119.7
8,12,445.83
8,13,237.43
8,15,126.43
8,16,167.1
8,17,1427.82
8,18,456.32
8,19,794.59
8,20,941.62
8,21,160.29
8,22,271.72
8,23,107.76
8,24,240.22
8,25,362.51
8,26,830.83
8,27,629.57
8,28,128.2
8,29,627.26
8,30,244.74
8,31,895.25
8,32,122.25
8,33,64.57
8,34,479.45
8,35,675.49
8,36,1213.17
8,37,211.13
8,38,244.34
8,39,818.31
8,40,518.99
8,41,243.37
8,42,711.61
8,44,49.89
8,45,99.54
8,46,307.24
8,47,181.52
8,48,1614.14
8,49,411.96
8,50,39.09
8,51,296.2
8,53,416.34
8,54,84.02
8,9,202.9
8,56,423.18
8,522,31.83
8,950,6.08
8,524,25.2
8,514,8.74
8,599,14.89
8,600,246.98
8,100,4.12
8,105,14.36
8,110,62.89
8,115,3.99
8,532,11.18
8,534,11.45
8,535,6.31
8,516,7.97
8,536,5.22
8,150,171.69
8,537,8.61
8,160,2.06
8,540,15.4
8,517,41.63
8,541,4.13
8,542,9.7
8,700,36.37
8,544,0.87
8,710,4.82
8,200,2377.83
8,518,182.7
8,210,235.93
8,250,14.59
8,260,40.15
8,520,8.62
8,299,0.98
8,300,152.16
8,55,544.56
8,400,5.74
8,401,4.51
8,402,3.88
8,404,6.58
8,405,12.01
8,410,108.64
8,411,11.47
8,413,44.62
8,414,9.91
8,420,11.1
8,421,36.48
8,425,24.92
8,426,13.37
8,430,0.28
8,433,16.63
8,434,34.01
8,436,3.31
8,438,19.07
8,450,13.45
8,451,11.26
8,452,17.5
8,453,360.76
8,454,12.29
8,455,41.8
8,456,16.4
8,457,31.46
8,460,2.44
8,461,4.8
8,462,5.93
8,465,148.2
8,499,3.15
8,500,161.94
8,501,84.18
8,502,166.53
8,509,6.23
8,511,15.23
9,512,6.31
9,1,72.84
9,2,32.58
9,515,90.08
9,516,6.62
9,5,12.73
9,6,345.71
9,513,20.38
9,8,59.89
9,9,19650.71
9,10,30.21
9,11,67.06
9,12,231.87
9,13,128.85
9,15,27.11
9,16,15.21
9,17,243.72
9,18,74.22
9,19,41.87
9,20,29.7
9,21,36.84
9,22,42.46
9,23,285.0
9,24,112.01
9,25,1330.68
9,26,182.91
9,27,58.53
9,28,26.49
9,29,61.19
9,542,26.11
9,31,26.22
9,32,9.99
9,33,140.27
9,34,578.95
9,35,16.82
9,36,3371.66
9,518,71.96
9,38,7.42
9,39,218.68
9,40,27.34
9,41,22.69
9,42,556.1
9,44,370.83
9,45,150.98
9,46,10.61
9,47,45.14
9,48,146.79
9,49,21.46
9,50,120.03
9,51,164.97
9,53,59.43
9,54,35.4
9,521,392.79
9,56,4.26
9,522,16.91
9,950,0.54
9,524,10.87
9,514,4.35
9,599,12.25
9,600,161.9
9,100,0.23
9,105,4.49
9,110,939.96
9,115,11.74
9,532,5.91
9,4,34.68
9,534,17.41
9,535,2.68
9,536,1.73
9,150,190.39
9,537,12.41
9,160,12.75
9,540,4.33
9,517,21.69
9,541,5.38
9,30,10.95
9,700,17.33
9,544,4.72
9,710,0.78
9,200,255.12
9,210,283.17
9,37,204.81
9,250,28.84
9,260,699.98
9,520,2.82
9,299,0.52
9,300,749.11
9,55,66.82
9,400,4.19
9,401,3.89
9,402,0.69
9,404,6.43
9,405,9.34
9,410,90.74
9,411,20.99
9,413,64.81
9,414,44.29
9,420,7.38
9,421,31.69
9,425,20.45
9,426,11.09
9,430,39.13
9,433,59.23
9,434,222.2
9,436,130.95
9,438,19.77
9,450,10.13
9,451,3.56
9,452,16.11
9,453,132.17
9,454,22.91
9,455,285.87
9,456,22.13
9,457,50.43
9,460,1.6
9,461,6.3
9,462,12.09
9,465,130.02
9,499,8.44
9,500,230.07
9,501,44.71
9,502,71.96
9,509,0.93
9,511,26.78
10,512,0.58
10,1,32.64
10,2,19.74
10,515,31.25
10,4,11.38
10,5,7.03
10,6,79.22
10,513,1.14
10,8,12.98
10,521,94.7
10,10,4022.98
10,11,67.79
10,12,72.32
10,13,45.14
10,15,6.73
10,16,0.91
10,17,59.33
10,18,30.09
10,19,13.18
10,20,12.01
10,21,23.16
10,22,17.64
10,23,20.9
10,24,570.84
10,25,76.27
10,26,45.87
10,27,12.08
10,28,14.71
10,29,19.6
10,542,6.39
10,31,9.7
10,32,1.55
10,33,12.72
10,34,418.46
10,35,3.93
10,36,443.4
10,37,82.64
10,38,3.19
10,39,82.99
10,40,12.43
10,41,5.18
10,42,1189.1
10,44,14.95
10,45,43.23
10,46,5.52
10,47,28.83
10,48,63.88
10,49,7.42
10,50,3.94
10,51,150.25
10,53,16.04
10,54,58.67
10,9,44.97
10,56,3.38
10,522,2.83
10,438,4.14
10,524,0.87
10,514,1.7
10,599,1.69
10,600,80.86
10,105,2.54
10,110,78.06
10,115,1.18
10,532,0.15
10,534,1.98
10,535,0.67
10,516,0.77
10,536,0.27
10,150,18.07
10,537,2.89
10,160,0.35
10,540,0.85
10,517,2.79
10,541,0.08
10,30,6.49
10,700,1.68
10,544,1.61
10,200,164.21
10,518,11.28
10,210,45.61
10,250,4.55
10,260,62.76
10,520,0.23
10,300,46.16
10,55,17.29
10,400,0.14
10,401,0.46
10,402,0.18
10,404,0.12
10,405,1.15
10,410,20.72
10,411,2.54
10,413,10.83
10,414,5.26
10,420,1.78
10,421,4.35
10,425,2.14
10,426,0.78
10,430,0.44
10,433,5.3
10,434,8.2
10,436,1.37
10,950,0.89
10,450,1.72
10,451,2.72
10,452,1.4
10,453,30.33
10,454,0.78
10,455,6.04
10,456,3.71
10,457,1.41
10,460,0.49
10,461,0.24
10,462,0.61
10,465,12.51
10,499,0.24
10,500,50.14
10,501,9.34
10,502,20.22
10,511,0.43
11,512,3.9
11,1,29.23
11,2,7.07
11,515,16.87
11,4,13.17
11,5,10.07
11,6,159.24
11,513,0.36
11,8,18.92
11,9,50.47
11,10,16.58
11,11,2282.24
11,12,62.4
11,13,67.38
11,15,9.47
11,16,3.55
11,17,94.03
11,18,36.07
11,19,13.81
11,20,14.77
11,21,18.48
11,22,30.34
11,23,9.45
11,24,286.31
11,25,86.96
11,26,74.09
11,27,25.42
11,28,14.71
11,29,32.45
11,30,5.02
11,31,8.86
11,32,3.9
11,33,10.83
11,34,117.61
11,35,11.2
11,36,342.12
11,37,193.73
11,38,5.82
11,39,92.75
11,40,10.18
11,41,15.23
11,42,166.17
11,44,12.67
11,45,119.51
11,46,3.51
11,47,25.17
11,48,82.03
11,49,7.33
11,50,5.09
11,51,242.52
11,53,68.56
11,54,20.15
11,521,33.2
11,56,1.91
11,522,7.09
11,950,0.96
11,524,0.61
11,514,2.15
11,599,3.35
11,600,117.02
11,105,0.44
11,110,9.17
11,115,2.7
11,532,0.54
11,534,4.23
11,535,1.62
11,516,1.66
11,536,1.38
11,150,19.98
11,537,4.02
11,160,1.53
11,540,1.5
11,517,3.8
11,541,0.6
11,542,5.39
11,700,7.2
11,710,0.23
11,200,33.9
11,518,12.36
11,210,193.41
11,250,7.18
11,260,77.88
11,520,0.51
11,299,0.29
11,300,66.87
11,55,33.47
11,400,4.63
11,401,1.64
11,402,0.39
11,404,1.12
11,405,2.85
11,410,12.78
11,411,0.77
11,413,14.1
11,414,4.88
11,420,4.5
11,421,17.65
11,425,3.53
11,426,2.55
11,430,0.49
11,433,3.47
11,434,11.12
11,436,1.49
11,438,8.72
11,450,4.2
11,451,5.05
11,452,1.59
11,453,27.27
11,454,1.58
11,455,4.41
11,456,3.61
11,457,4.54
11,460,0.33
11,461,0.28
11,462,0.85
11,465,16.23
11,499,2.09
11,500,28.6
11,501,9.38
11,502,15.81
11,511,1.13
12,512,36.7
12,513,48.22
12,2,289.4
12,515,737.4
12,4,264.33
12,5,399.04
12,518,485.5
12,1,2216.59
12,8,487.51
12,521,863.72
12,10,253.04
12,11,569.33
12,12,64845.54
12,13,3807.08
12,15,227.64
12,16,88.74
12,17,4257.43
12,18,2371.0
12,19,616.74
12,20,440.22
12,21,1347.16
12,534,144.14
12,23,639.05
12,24,1441.92
12,25,3595.29
12,26,4056.95
12,27,761.76
12,28,726.81
12,29,1074.59
12,30,91.28
12,31,282.86
12,32,109.07
12,33,448.05
12,34,4883.21
12,35,168.0
12,36,15993.42
12,37,1599.8
12,38,137.22
12,39,5191.14
12,40,469.5
12,41,170.82
12,42,5601.04
12,44,727.16
12,45,1021.2
12,46,147.15
12,47,1236.28
12,48,2012.33
12,49,140.61
12,50,257.94
12,51,1801.74
12,53,413.16
12,54,1083.77
12,55,1210.01
12,56,71.31
12,522,86.98
12,950,9.94
12,524,6.41
12,514,15.36
12,599,58.68
12,600,608.87
12,100,5.2
12,105,40.16
12,110,3700.38
12,115,153.12
12,532,28.37
12,22,823.37
12,535,33.38
12,516,10.59
12,536,19.94
12,150,1138.69
12,537,64.17
12,160,30.12
12,540,34.02
12,517,122.73
12,541,37.76
12,542,82.31
12,6,2420.44
12,700,63.61
12,544,1.43
12,710,14.57
12,200,2879.37
12,210,3464.33
12,250,8106.97
12,260,6656.29
12,520,7.64
12,9,1867.49
12,299,24.45
12,300,6395.97
12,400,26.53
12,401,21.45
12,402,14.36
12,404,27.23
12,405,47.68
12,410,506.3
12,411,80.51
12,413,301.56
12,414,111.22
12,420,37.06
12,421,202.62
12,425,80.43
12,426,41.73
12,430,59.56
12,433,123.33
12,434,359.7
12,436,90.33
12,438,201.68
12,450,48.35
12,451,44.03
12,452,77.05
12,453,938.38
12,454,103.6
12,455,237.02
12,456,124.74
12,457,197.03
12,460,13.46
12,461,12.0
12,462,30.45
12,465,387.45
12,499,30.42
12,500,466.2
12,501,206.73
12,502,217.93
12,509,2.57
12,511,43.16
13,512,25.77
13,1,2352.55
13,2,139.74
13,515,165.61
13,4,155.96
13,5,286.74
13,518,340.94
13,513,51.42
13,8,201.06
13,521,738.86
13,522,71.63
13,11,249.88
13,12,3600.05
13,13,53120.92
13,15,117.4
13,16,42.91
13,17,1398.23
13,18,698.05
13,19,221.47
13,20,232.57
13,21,578.38
13,22,861.6
13,23,155.54
13,24,476.84
13,25,534.25
13,26,1158.09
13,27,196.71
13,28,677.34
13,29,494.08
13,30,36.17
13,517,57.61
13,32,52.24
13,33,75.39
13,34,1043.84
13,35,99.59
13,36,2963.84
13,37,1475.86
13,38,42.1
13,39,1496.95
13,40,260.12
13,41,95.68
13,42,1198.08
13,44,99.79
13,45,1437.2
13,46,50.49
13,47,1904.3
13,48,1257.97
13,49,84.25
13,50,38.06
13,51,966.1
13,53,216.93
13,54,295.29
13,55,298.8
13,56,29.74
13,10,80.45
13,950,8.21
13,524,8.85
13,514,18.53
13,599,19.13
13,600,763.27
13,100,6.06
13,105,18.99
13,110,223.39
13,115,70.54
13,532,18.08
13,534,20.26
13,535,11.84
13,516,4.19
13,536,5.4
13,150,181.25
13,537,20.78
13,160,17.77
13,540,6.7
13,541,8.26
13,542,24.47
13,6,1577.19
13,31,137.96
13,700,23.33
13,544,2.59
13,710,4.01
13,200,2854.34
13,210,839.53
13,250,100.77
13,260,752.9
13,520,10.9
13,9,341.41
13,299,4.84
13,300,627.09
13,400,8.12
13,401,6.33
13,402,2.1
13,404,2.82
13,405,12.36
13,410,125.43
13,411,14.8
13,413,83.7
13,414,16.54
13,420,17.3
13,421,46.0
13,425,25.25
13,426,8.93
13,430,12.31
13,433,12.73
13,434,45.98
13,436,8.69
13,438,32.83
13,450,13.11
13,451,19.69
13,452,13.59
13,453,482.6
13,454,8.34
13,455,33.26
13,456,56.07
13,457,74.1
13,460,0.58
13,461,3.93
13,462,8.69
13,465,155.95
13,499,2.01
13,500,317.68
13,501,118.52
13,502,449.48
13,509,1.89
13,511,30.15
15,512,15.92
15,1,27.93
15,2,40.02
15,515,1132.83
15,4,48.37
15,517,20.33
15,6,867.61
15,513,12.96
15,8,65.66
15,9,31.84
15,522,2.91
15,11,17.98
15,12,80.79
15,13,64.57
15,15,7379.76
15,16,23.08
15,17,125.01
15,18,46.6
15,19,33.55
15,20,38.81
15,21,26.84
15,22,36.4
15,23,17.19
15,24,49.07
15,25,77.48
15,26,99.34
15,27,61.45
15,28,17.39
15,29,43.53
15,30,20.07
15,31,23.9
15,32,30.12
15,33,11.92
15,34,69.97
15,35,20.11
15,36,182.6
15,518,93.97
15,38,15.5
15,39,91.46
15,40,31.77
15,41,73.78
15,42,103.24
15,44,17.51
15,45,29.21
15,46,16.17
15,47,22.93
15,48,161.35
15,49,40.66
15,50,9.44
15,51,70.71
15,53,159.58
15,54,14.43
15,55,50.37
15,56,6.69
15,10,9.66
15,950,70.36
15,514,4.43
15,599,1.73
15,600,14.2
15,100,99.52
15,105,40.37
15,110,17.91
15,115,2.37
15,532,0.57
15,534,3.75
15,535,0.9
15,516,3.02
15,536,0.21
15,150,53.58
15,5,20.89
15,160,0.38
15,540,0.58
15,541,0.08
15,542,1.41
15,700,26.14
15,544,0.5
15,710,146.47
15,200,65.03
15,210,18.14
15,37,50.91
15,250,2.75
15,260,15.67
15,521,10.94
15,299,0.13
15,300,32.71
15,400,1.4
15,401,2.28
15,402,0.27
15,404,2.21
15,405,1.65
15,410,19.7
15,411,1.99
15,413,11.11
15,414,3.52
15,420,0.77
15,421,11.25
15,425,5.08
15,426,5.16
15,433,1.69
15,434,7.21
15,436,1.81
15,438,4.36
15,450,3.6
15,451,3.08
15,452,4.41
15,453,48.09
15,454,2.26
15,455,6.07
15,456,2.68
15,457,2.01
15,460,0.34
15,462,0.36
15,465,10.98
15,499,0.52
15,500,240.43
15,501,283.5
15,502,179.7
15,509,4.6
15,511,3.46
16,512,1.21
16,513,7.59
16,2,60.42
16,515,16.69
16,4,169.93
16,5,42.51
16,6,1693.33
16,1,25.98
16,8,194.5
16,521,17.08
16,522,2.28
16,11,11.32
16,12,79.47
16,13,32.48
16,15,37.47
16,16,7172.13
16,17,161.2
16,18,67.73
16,19,96.0
16,20,110.43
16,21,26.74
16,22,32.05
16,23,15.27
16,24,33.58
16,25,52.64
16,26,134.26
16,27,114.2
16,28,17.68
16,29,105.78
16,30,263.37
16,31,120.2
16,32,160.39
16,33,10.56
16,34,55.87
16,35,61.78
16,36,136.31
16,37,36.9
16,38,85.57
16,39,116.09
16,40,83.24
16,41,537.52
16,42,118.35
16,44,5.58
16,45,19.48
16,46,78.02
16,47,28.72
16,48,239.27
16,49,673.99
16,50,7.51
16,51,48.56
16,53,808.14
16,54,15.24
16,9,24.07
16,56,128.24
16,10,5.81
16,950,4.92
16,524,4.75
16,514,1.29
16,599,5.09
16,600,20.21
16,100,0.78
16,105,4.16
16,110,11.37
16,115,0.56
16,532,0.84
16,534,0.51
16,535,0.78
16,516,2.17
16,536,0.25
16,150,63.89
16,160,0.18
16,540,1.65
16,517,7.75
16,542,1.18
16,700,7.67
16,710,2.2
16,200,500.82
16,518,12.26
16,210,21.43
16,250,1.5
16,260,4.14
16,520,3.93
16,300,30.25
16,55,89.15
16,400,1.33
16,401,0.48
16,402,0.57
16,404,0.9
16,405,2.54
16,410,25.64
16,411,1.54
16,413,13.32
16,414,2.94
16,420,0.9
16,421,5.98
16,425,6.19
16,426,3.1
16,433,1.14
16,434,6.37
16,436,3.71
16,438,8.54
16,450,6.43
16,451,0.31
16,452,1.72
16,453,60.26
16,454,3.48
16,455,2.02
16,456,5.33
16,457,21.67
16,461,0.64
16,465,35.73
16,499,0.68
16,500,23.31
16,501,26.35
16,502,19.64
16,509,0.11
16,511,0.59
17,512,16.11
17,1,458.02
17,2,123.46
17,515,847.32
17,4,183.82
17,5,567.62
17,518,188.51
17,513,41.86
17,8,246.61
17,521,1585.7
17,10,38.68
17,11,95.23
17,12,518.22
17,13,320.66
17,15,72.22
17,16,53.19
17,17,85324.94
17,18,1969.67
17,19,1393.74
17,20,272.99
17,21,549.92
17,22,317.03
17,535,70.7
17,24,188.04
17,25,299.74
17,26,1494.34
17,27,541.36
17,28,1507.81
17,29,2259.02
17,542,38.29
17,517,66.38
17,32,53.25
17,33,41.72
17,34,388.76
17,35,88.46
17,36,1041.76
17,6,1314.91
17,38,93.78
17,39,1096.47
17,40,218.79
17,41,84.89
17,42,719.29
17,44,47.55
17,45,134.93
17,46,106.23
17,47,617.62
17,48,970.74
17,49,84.23
17,50,19.84
17,51,315.61
17,53,196.14
17,54,156.96
17,55,1602.22
17,56,39.69
17,522,60.65
17,950,4.77
17,524,17.01
17,514,16.51
17,599,87.29
17,600,492.59
17,100,2.1
17,105,14.56
17,110,539.13
17,115,5.39
17,532,118.06
17,534,70.48
17,23,101.64
17,516,13.41
17,536,12.51
17,150,207.69
17,537,47.84
17,160,2.09
17,540,18.98
17,541,43.8
17,30,56.46
17,31,227.68
17,700,37.46
17,544,10.55
17,710,0.49
17,200,7101.01
17,210,502.94
17,37,244.07
17,250,89.13
17,260,182.85
17,520,8.42
17,9,158.92
17,299,4.91
17,300,599.7
17,400,6.84
17,401,4.62
17,402,0.96
17,404,8.73
17,405,17.21
17,410,127.14
17,411,20.29
17,413,79.77
17,414,106.18
17,420,15.87
17,421,59.1
17,425,32.08
17,426,14.87
17,430,41.33
17,433,190.47
17,434,252.69
17,436,5.33
17,438,31.65
17,450,31.99
17,451,116.38
17,452,61.65
17,453,402.13
17,454,30.73
17,455,1512.97
17,456,179.19
17,457,271.75
17,460,4.66
17,461,20.25
17,462,138.74
17,465,513.87
17,499,25.24
17,500,730.0
17,501,131.45
17,502,486.58
17,509,16.69
17,511,26.29
18,512,8.13
18,1,268.64
18,514,10.52
18,515,85.42
18,4,115.39
18,5,204.02
18,6,811.54
18,513,6.87
18,8,136.19
18,9,78.85
18,10,24.33
18,11,41.88
18,12,397.97
18,13,196.12
18,15,51.34
18,16,41.28
18,17,3473.67
18,18,44058.95
18,19,224.89
18,20,149.52
18,21,2245.48
18,22,129.37
18,23,41.66
18,24,110.1
18,25,149.02
18,26,1254.29
18,27,182.82
18,28,314.85
18,29,393.55
18,30,28.91
18,31,83.24
18,32,30.77
18,33,23.84
18,34,176.01
18,35,48.86
18,36,498.22
18,518,47.89
18,38,43.84
18,39,2046.98
18,40,108.31
18,41,50.96
18,42,526.14
18,44,28.54
18,45,97.42
18,46,47.52
18,47,503.14
18,48,551.72
18,520,1.8
18,50,19.37
18,51,282.6
18,53,114.23
18,54,207.84
18,521,270.23
18,56,21.98
18,522,11.05
18,2,64.4
18,438,9.72
18,524,4.09
18,599,9.55
18,600,160.68
18,100,1.14
18,105,5.95
18,110,75.93
18,115,2.66
18,532,9.37
18,534,4.21
18,535,9.21
18,516,1.66
18,536,3.29
18,150,86.73
18,537,5.58
18,160,1.9
18,540,11.73
18,517,19.55
18,541,4.78
18,542,8.78
18,700,12.03
18,544,0.99
18,710,0.21
18,200,1119.62
18,210,170.41
18,37,190.44
18,250,14.47
18,260,63.09
18,49,51.02
18,299,0.04
18,300,94.36
18,55,333.19
18,400,3.38
18,401,1.12
18,402,0.93
18,404,1.91
18,405,4.37
18,410,54.19
18,411,9.94
18,413,22.0
18,414,5.8
18,420,1.66
18,421,18.46
18,425,15.4
18,426,2.19
18,430,1.54
18,433,38.94
18,434,23.83
18,436,1.28
18,950,1.53
18,450,7.16
18,451,3.85
18,452,7.95
18,453,174.34
18,454,6.53
18,455,25.51
18,456,13.24
18,457,51.39
18,460,0.75
18,461,4.25
18,462,5.73
18,465,70.12
18,499,2.19
18,500,191.96
18,501,59.49
18,502,73.74
18,509,0.55
18,511,6.47
19,512,1.47
19,1,38.5
19,2,21.74
19,515,34.26
19,4,72.18
19,5,71.26
19,518,77.3
19,513,28.16
19,8,150.66
19,521,90.13
19,10,6.32
19,11,12.6
19,12,81.9
19,13,52.75
19,15,25.85
19,16,21.99
19,17,1172.1
19,18,168.19
19,19,21895.34
19,20,186.05
19,21,48.21
19,22,39.66
19,23,20.65
19,24,38.33
19,25,46.32
19,26,171.04
19,27,653.46
19,28,76.82
19,29,441.82
19,30,28.24
19,31,827.8
19,32,27.87
19,33,10.88
19,34,56.25
19,35,31.11
19,36,137.31
19,6,491.95
19,38,84.5
19,39,145.87
19,40,75.9
19,41,43.74
19,42,121.73
19,44,8.77
19,45,23.38
19,46,262.43
19,47,62.61
19,48,275.83
19,49,31.98
19,50,3.91
19,51,64.14
19,53,76.22
19,54,27.63
19,55,350.04
19,56,28.87
19,522,2.85
19,438,2.83
19,524,5.71
19,514,4.77
19,599,4.05
19,600,88.66
19,105,2.75
19,110,19.17
19,115,1.16
19,532,2.89
19,534,1.14
19,535,1.29
19,516,1.74
19,536,1.27
19,150,39.57
19,537,4.18
19,160,0.79
19,540,0.55
19,517,14.71
19,541,0.86
19,542,9.35
19,700,3.91
19,710,1.73
19,200,428.79
19,210,89.9
19,37,53.68
19,250,4.63
19,260,8.32
19,9,32.57
19,300,35.65
19,400,3.02
19,401,0.03
19,402,0.56
19,404,1.48
19,405,3.0
19,410,14.2
19,411,2.8
19,413,8.06
19,414,3.96
19,420,2.39
19,421,6.43
19,425,7.39
19,426,0.68
19,430,0.42
19,433,3.08
19,434,4.87
19,436,0.53
19,950,3.2
19,450,2.24
19,451,2.26
19,452,0.9
19,453,79.87
19,454,1.09
19,455,4.91
19,456,2.48
19,457,64.15
19,460,0.61
19,461,1.16
19,462,0.96
19,465,28.06
19,499,1.61
19,500,68.27
19,501,15.71
19,502,65.0
19,509,0.48
19,511,3.31
20,512,5.29
20,1,66.48
20,2,40.38
20,515,49.4
20,4,125.53
20,5,259.36
20,6,701.38
20,513,35.27
20,8,397.29
20,521,120.92
20,10,13.33
20,11,20.05
20,12,120.37
20,13,88.46
20,15,29.54
20,16,31.8
20,17,423.68
20,18,166.98
20,19,389.93
20,20,16671.47
20,21,71.37
20,22,108.47
20,23,22.85
20,24,57.45
20,25,70.24
20,26,186.5
20,27,153.96
20,28,80.16
20,29,2346.12
20,30,37.86
20,31,474.83
20,32,31.8
20,33,10.61
20,34,75.82
20,35,89.05
20,36,208.08
20,37,91.36
20,38,59.17
20,39,184.85
20,40,739.55
20,41,57.3
20,42,158.26
20,44,14.24
20,45,40.19
20,46,88.67
20,47,93.12
20,48,664.11
20,49,49.22
20,50,6.49
20,51,93.17
20,53,105.58
20,54,33.2
20,55,120.83
20,56,36.57
20,522,10.15
20,950,1.79
20,524,6.38
20,514,4.1
20,599,8.57
20,600,105.51
20,100,0.68
20,105,8.15
20,110,24.88
20,115,1.83
20,532,5.63
20,534,1.9
20,535,2.38
20,516,0.32
20,536,2.3
20,150,38.71
20,537,5.57
20,160,0.34
20,540,5.62
20,517,17.41
20,541,4.21
20,542,3.68
20,700,6.62
20,710,0.85
20,200,872.9
20,518,104.87
20,210,124.7
20,250,6.0
20,260,13.36
20,520,0.68
20,9,34.07
20,299,1.7
20,300,51.2
20,400,1.17
20,401,0.48
20,404,0.54
20,405,0.81
20,410,26.33
20,411,5.85
20,413,13.67
20,414,3.04
20,420,1.38
20,421,9.72
20,425,4.36
20,426,1.8
20,430,0.44
20,433,2.54
20,434,6.38
20,436,2.99
20,438,5.12
20,450,2.54
20,451,2.65
20,452,2.01
20,453,116.72
20,454,2.65
20,455,3.35
20,456,3.25
20,457,5.17
20,460,0.44
20,461,0.78
20,462,0.33
20,465,31.98
20,499,0.75
20,500,85.74
20,501,27.22
20,502,37.52
20,511,5.11
21,512,3.45
21,1,198.84
21,2,44.62
21,515,49.41
21,4,58.2
21,5,88.54
21,6,411.91
21,513,5.74
21,8,81.27
21,521,102.76
21,10,17.62
21,11,33.67
21,12,389.25
21,13,260.68
21,15,29.3
21,16,18.66
21,17,759.5
21,18,1223.29
21,19,90.17
21,20,100.43
21,21,30405.71
21,22,116.07
21,535,8.74
21,24,114.32
21,25,101.71
21,26,562.7
21,27,74.72
21,28,114.91
21,29,228.66
21,30,16.28
21,31,38.71
21,32,16.8
21,33,18.08
21,34,129.34
21,35,25.58
21,36,375.06
21,37,194.64
21,38,14.8
21,39,2246.9
21,40,89.46
21,41,35.9
21,42,320.46
21,44,17.98
21,45,93.19
21,46,15.93
21,47,891.39
21,48,360.99
21,49,29.42
21,50,20.49
21,51,316.53
21,53,75.9
21,54,446.57
21,9,45.48
21,56,12.71
21,522,10.98
21,950,1.9
21,524,6.19
21,514,0.75
21,599,13.32
21,600,101.54
21,100,1.82
21,105,6.86
21,110,30.65
21,115,3.75
21,532,5.82
21,534,2.44
21,23,31.14
21,516,1.44
21,536,1.54
21,150,42.58
21,537,1.38
21,160,1.41
21,540,4.61
21,517,12.04
21,541,4.29
21,542,10.82
21,700,6.87
21,544,0.16
21,710,1.84
21,200,347.11
21,518,39.85
21,210,84.0
21,250,67.92
21,260,23.51
21,520,2.72
21,299,0.37
21,300,54.84
21,55,113.69
21,400,1.69
21,401,1.32
21,402,0.94
21,404,1.02
21,405,2.19
21,410,30.37
21,411,2.58
21,413,12.75
21,414,5.55
21,420,0.9
21,421,11.3
21,425,3.18
21,426,1.34
21,430,1.74
21,433,2.87
21,434,9.09
21,436,1.27
21,438,6.44
21,450,3.46
21,451,2.1
21,452,2.5
21,453,178.07
21,454,1.35
21,455,5.71
21,456,4.89
21,457,50.31
21,461,0.63
21,462,0.39
21,465,42.01
21,499,1.05
21,500,66.4
21,501,65.66
21,502,48.15
21,509,1.26
21,511,6.36
22,512,7.08
22,1,303.91
22,2,52.23
22,515,51.69
22,4,49.16
22,5,375.86
22,6,529.43
22,513,12.98
22,8,85.9
22,521,95.58
22,10,14.27
22,11,32.98
22,12,318.5
22,13,204.37
22,15,32.65
22,16,16.12
22,17,273.26
22,18,128.29
22,19,57.27
22,20,99.06
22,21,91.34
22,22,35214.58
22,23,29.61
22,24,73.43
22,25,77.43
22,26,190.42
22,27,43.03
22,28,1112.3
22,29,155.36
22,30,17.97
22,31,46.73
22,32,25.44
22,33,13.83
22,34,90.35
22,35,53.77
22,36,254.27
22,518,180.79
22,38,17.61
22,39,202.21
22,40,168.75
22,41,30.34
22,42,160.42
22,44,14.23
22,45,80.9
22,46,14.87
22,47,169.8
22,48,1513.41
22,49,25.54
22,50,7.24
22,51,141.45
22,53,64.38
22,54,43.07
22,55,66.0
22,56,13.07
22,522,8.09
22,950,1.66
22,524,2.91
22,514,5.06
22,599,6.07
22,600,57.14
22,100,1.64
22,105,4.58
22,110,34.2
22,115,3.33
22,532,4.93
22,534,3.31
22,535,8.01
22,516,3.29
22,536,3.98
22,150,33.23
22,537,5.41
22,160,1.15
22,540,5.4
22,517,11.93
22,541,1.49
22,542,9.88
22,700,6.1
22,544,1.51
22,710,0.5
22,200,257.13
22,210,410.0
22,37,134.17
22,250,54.03
22,260,59.39
22,9,35.46
22,299,2.98
22,300,105.85
22,400,0.65
22,401,0.58
22,402,0.26
22,404,2.67
22,405,1.84
22,410,32.26
22,411,4.22
22,413,16.76
22,414,4.82
22,420,2.0
22,421,19.19
22,425,2.41
22,426,1.97
22,433,2.53
22,434,15.37
22,436,2.35
22,438,8.7
22,450,2.02
22,451,3.8
22,452,1.73
22,453,107.07
22,454,4.0
22,455,7.32
22,456,5.41
22,457,5.55
22,460,0.19
22,461,0.31
22,462,0.32
22,465,22.29
22,499,2.39
22,500,68.06
22,501,34.94
22,502,29.89
22,509,0.03
22,511,3.72
23,512,0.77
23,1,16.03
23,2,19.94
23,515,17.21
23,4,24.72
23,5,8.06
23,6,162.02
23,513,1.57
23,8,30.07
23,9,316.99
23,522,1.67
23,11,27.22
23,12,95.27
23,514,0.38
23,15,11.75
23,16,3.62
23,17,77.26
23,18,35.81
23,19,23.21
23,20,17.84
23,21,16.71
23,22,18.61
23,23,8504.25
23,24,59.2
23,25,1114.22
23,26,72.65
23,27,27.19
23,28,9.75
23,29,30.96
23,30,5.04
23,31,8.42
23,32,5.76
23,33,434.26
23,34,189.35
23,35,15.59
23,36,455.17
23,37,42.73
23,38,6.6
23,39,101.41
23,40,18.55
23,41,16.57
23,42,168.55
23,44,104.84
23,45,22.56
23,46,4.36
23,47,19.97
23,48,73.02
23,49,13.77
23,50,68.92
23,51,74.8
23,53,29.77
23,54,14.4
23,521,13.14
23,56,4.26
23,10,12.71
23,950,0.08
23,13,32.83
23,600,51.47
23,105,3.96
23,110,10.5
23,115,0.48
23,532,3.4
23,534,1.25
23,516,0.77
23,536,0.1
23,150,161.78
23,537,2.37
23,160,1.53
23,540,1.4
23,517,5.75
23,542,1.43
23,700,3.93
23,710,0.53
23,200,8.11
23,518,10.58
23,210,13.77
23,250,2.88
23,260,9.26
23,300,14.47
23,55,31.57
23,400,1.45
23,401,1.79
23,402,0.05
23,404,1.67
23,405,4.66
23,410,25.24
23,411,4.41
23,413,12.58
23,414,5.85
23,420,2.71
23,421,6.25
23,425,3.16
23,426,1.15
23,433,4.64
23,434,6.8
23,436,1.77
23,438,3.43
23,450,0.81
23,451,4.52
23,452,1.48
23,453,46.25
23,454,0.8
23,455,5.07
23,456,1.67
23,457,2.39
23,462,0.23
23,465,19.1
23,499,0.77
23,500,30.38
23,501,13.85
23,502,14.13
23,511,12.7
24,512,21.51
24,1,176.34
24,2,64.13
24,515,384.21
24,4,71.28
24,517,37.97
24,6,696.99
24,513,8.83
24,8,115.9
24,9,247.84
24,10,444.31
24,11,5117.12
24,12,456.27
24,13,283.84
24,15,71.25
24,16,27.2
24,17,438.81
24,18,183.89
24,19,84.07
24,20,84.0
24,21,136.53
24,22,162.46
24,23,84.13
24,24,27255.77
24,25,489.19
24,26,356.65
24,27,116.78
24,28,105.72
24,29,164.82
24,30,26.85
24,31,60.7
24,32,23.55
24,33,52.85
24,34,929.72
24,35,51.3
24,36,2206.29
24,37,915.18
24,38,35.31
24,39,561.19
24,40,93.46
24,41,44.69
24,42,2463.06
24,44,81.17
24,45,451.77
24,46,26.43
24,47,186.11
24,48,426.97
24,49,54.13
24,50,40.36
24,51,1752.75
24,53,220.2
24,54,535.85
24,521,682.85
24,56,15.53
24,522,98.86
24,950,3.79
24,524,38.73
24,514,12.84
24,599,18.45
24,600,1237.98
24,100,0.06
24,105,10.48
24,110,134.91
24,115,22.76
24,532,5.66
24,534,36.43
24,535,8.99
24,516,5.32
24,536,5.52
24,150,111.09
24,537,21.31
24,5,55.62
24,160,6.14
24,540,8.71
24,541,7.36
24,542,27.44
24,700,22.73
24,544,0.18
24,710,0.52
24,200,402.09
24,518,191.47
24,210,1472.52
24,250,30.72
24,260,570.24
24,520,7.96
24,299,3.96
24,300,615.82
24,55,127.49
24,400,6.31
24,401,5.45
24,402,2.57
24,404,5.99
24,405,11.65
24,410,101.54
24,411,13.92
24,413,67.43
24,414,22.07
24,420,16.1
24,421,62.37
24,425,15.17
24,426,12.31
24,430,6.57
24,433,45.79
24,434,56.7
24,436,15.66
24,438,29.41
24,450,13.9
24,451,12.43
24,452,15.43
24,453,289.32
24,454,18.8
24,455,47.17
24,456,23.43
24,457,19.05
24,460,1.97
24,461,10.54
24,462,8.84
24,465,246.3
24,499,3.22
24,500,486.47
24,501,110.65
24,502,388.33
24,509,4.53
24,511,17.83
25,512,16.56
25,1,111.28
25,2,64.68
25,515,114.97
25,516,12.79
25,517,62.31
25,6,656.84
25,513,20.9
25,8,106.65
25,9,1163.89
25,10,46.04
25,11,135.75
25,12,349.33
25,13,175.18
25,15,36.27
25,16,15.65
25,17,389.48
25,18,127.65
25,19,65.35
25,20,53.35
25,21,54.75
25,22,64.16
25,23,458.56
25,24,219.41
25,25,41023.74
25,26,274.37
25,27,110.0
25,28,63.94
25,29,111.35
25,542,45.89
25,5,32.78
25,32,16.18
25,33,572.71
25,34,793.26
25,35,29.31
25,36,2742.01
25,37,192.48
25,38,13.4
25,39,380.52
25,40,47.54
25,41,43.57
25,42,766.4
25,44,1016.46
25,45,96.96
25,46,22.02
25,47,74.8
25,48,289.97
25,49,36.28
25,50,230.19
25,51,242.62
25,53,95.52
25,54,46.56
25,521,604.75
25,56,14.45
25,522,52.96
25,950,3.41
25,524,26.78
25,514,17.55
25,599,23.79
25,600,566.62
25,100,0.67
25,105,5.58
25,110,1050.2
25,115,13.36
25,532,16.38
25,4,73.86
25,534,53.12
25,535,10.5
25,536,6.2
25,150,346.81
25,537,75.46
25,160,229.5
25,540,8.87
25,541,19.51
25,30,17.31
25,31,42.31
25,700,29.43
25,544,0.86
25,710,3.67
25,200,148.54
25,518,349.25
25,210,692.52
25,250,38.57
25,260,1456.17
25,520,8.54
25,299,6.73
25,300,1158.53
25,55,120.95
25,400,9.82
25,401,10.05
25,402,1.81
25,404,8.28
25,405,18.32
25,410,143.68
25,411,28.85
25,413,103.6
25,414,170.24
25,420,15.64
25,421,74.57
25,425,29.65
25,426,16.56
25,430,75.7
25,433,122.31
25,434,235.84
25,436,595.51
25,438,26.59
25,450,14.13
25,451,24.79
25,452,19.11
25,453,219.7
25,454,17.26
25,455,136.5
25,456,30.31
25,457,34.51
25,460,4.02
25,461,11.7
25,462,16.54
25,465,414.97
25,499,6.71
25,500,809.78
25,501,94.48
25,502,195.53
25,509,4.77
25,511,154.1
26,512,9.33
26,1,654.86
26,2,104.92
26,515,197.6
26,4,133.42
26,5,418.99
26,6,863.75
26,513,33.72
26,8,169.11
26,9,108.63
26,10,25.92
26,11,83.23
26,12,467.57
26,13,407.33
26,15,52.06
26,16,28.22
26,17,1658.41
26,18,1261.36
26,19,234.55
26,532,413.98
26,21,489.13
26,22,214.6
26,23,47.21
26,24,148.79
26,25,231.64
26,26,75711.57
26,27,294.74
26,28,550.66
26,29,371.92
26,30,53.75
26,31,95.01
26,544,142.79
26,33,34.72
26,34,282.94
26,35,48.35
26,36,779.44
26,37,271.85
26,38,61.19
26,39,2105.32
26,40,138.19
26,41,57.4
26,42,774.93
26,44,40.95
26,45,162.4
26,46,62.22
26,47,554.89
26,48,703.88
26,49,53.23
26,50,20.62
26,51,296.32
26,53,155.36
26,54,250.26
26,521,710.41
26,56,29.01
26,522,24.02
26,950,1.65
26,524,16.7
26,514,13.88
26,599,39.87
26,600,248.84
26,100,2.16
26,105,9.36
26,110,111.24
26,115,2.83
26,20,137.43
26,534,26.07
26,535,40.65
26,516,3.73
26,536,10.04
26,150,477.41
26,537,206.79
26,160,1.62
26,540,29.76
26,517,30.36
26,541,44.3
26,542,15.71
26,700,22.81
26,32,39.15
26,710,2.07
26,200,793.3
26,518,133.38
26,210,135.26
26,250,41.17
26,260,90.54
26,520,0.46
26,299,2.26
26,300,135.89
26,55,654.85
26,400,7.56
26,401,5.86
26,402,2.07
26,404,4.01
26,405,8.32
26,410,115.22
26,411,26.01
26,413,65.46
26,414,17.92
26,420,10.86
26,421,39.96
26,425,55.23
26,426,6.36
26,430,110.61
26,433,73.42
26,434,115.29
26,436,5.74
26,438,15.17
26,450,18.98
26,451,9.01
26,452,16.14
26,453,308.26
26,454,16.44
26,455,132.45
26,456,122.96
26,457,166.05
26,460,1.86
26,461,12.97
26,462,8.82
26,465,181.22
26,499,17.72
26,500,323.39
26,501,135.88
26,502,209.22
26,509,0.75
26,511,20.81
27,512,5.66
27,1,64.64
27,2,77.95
27,515,75.79
27,4,107.25
27,5,60.5
27,518,165.02
27,513,262.48
27,8,198.71
27,521,286.53
27,522,15.81
27,11,27.02
27,12,184.31
27,13,91.49
27,15,36.29
27,16,41.22
27,17,1234.9
27,18,279.33
27,19,1257.68
27,20,142.16
27,21,55.94
27,22,82.12
27,23,28.04
27,24,70.7
27,516,3.71
27,26,491.5
27,27,36140.48
27,28,100.31
27,29,252.36
27,30,126.39
27,31,235.74
27,32,31.15
27,33,16.41
27,34,126.76
27,35,44.44
27,36,361.13
27,6,801.13
27,38,1317.78
27,39,308.07
27,40,86.21
27,41,83.41
27,42,207.01
27,44,22.76
27,45,38.78
27,46,658.42
27,47,91.68
27,48,387.18
27,49,64.89
27,50,13.41
27,51,113.32
27,53,188.04
27,54,28.66
27,9,65.31
27,56,46.61
27,10,13.09
27,950,5.22
27,524,12.56
27,514,6.93
27,599,14.26
27,600,776.37
27,105,6.16
27,110,32.15
27,115,2.87
27,532,3.71
27,534,7.88
27,535,4.77
27,536,3.81
27,150,150.31
27,25,118.95
27,160,1.09
27,540,2.36
27,517,148.2
27,541,2.65
27,542,7.2
27,700,12.91
27,544,5.63
27,710,2.06
27,200,691.67
27,210,164.24
27,37,91.54
27,250,10.48
27,260,40.64
27,520,6.29
27,537,5.73
27,300,186.52
27,55,1969.66
27,400,7.27
27,401,5.26
27,402,1.72
27,404,9.31
27,405,10.48
27,410,46.68
27,411,9.16
27,413,21.47
27,414,8.61
27,420,2.68
27,421,27.23
27,425,13.58
27,426,5.32
27,430,1.46
27,433,5.28
27,434,13.63
27,436,1.96
27,438,5.63
27,450,3.62
27,451,4.34
27,452,7.21
27,453,121.52
27,454,5.32
27,455,23.31
27,456,20.34
27,457,36.9
27,460,2.89
27,461,6.58
27,462,1.61
27,465,162.31
27,499,1.86
27,500,157.75
27,501,38.45
27,502,137.83
27,509,0.73
27,511,40.1
28,512,0.47
28,1,688.25
28,2,35.09
28,515,33.63
28,4,43.23
28,5,279.81
28,6,321.66
28,513,1.49
28,8,41.78
28,521,42.95
28,522,2.75
28,11,20.13
28,12,301.84
28,13,237.75
28,15,23.71
28,16,12.74
28,17,475.25
28,18,130.07
28,19,42.56
28,20,48.66
28,21,90.84
28,22,1185.33
28,23,22.65
28,24,51.28
28,25,52.21
28,26,226.2
28,27,35.58
28,28,21111.5
28,29,155.38
28,30,11.25
28,31,26.55
28,32,15.65
28,33,7.2
28,34,57.95
28,35,26.51
28,36,147.2
28,518,49.37
28,38,11.93
28,39,163.03
28,40,77.65
28,41,17.74
28,42,104.2
28,44,13.82
28,45,74.0
28,46,14.66
28,47,1432.33
28,48,464.4
28,49,20.62
28,50,7.61
28,51,116.26
28,53,48.81
28,54,41.02
28,55,83.28
28,56,12.97
28,10,7.76
28,950,0.08
28,524,0.85
28,514,1.68
28,599,3.48
28,600,20.1
28,105,3.24
28,110,18.49
28,115,2.34
28,532,2.33
28,534,0.96
28,535,1.38
28,516,0.78
28,536,0.75
28,150,17.94
28,537,1.8
28,160,1.06
28,540,0.87
28,517,2.87
28,541,0.82
28,542,3.76
28,700,2.9
28,544,3.04
28,200,253.12
28,210,58.4
28,37,98.56
28,250,10.42
28,260,11.49
28,9,25.36
28,299,0.84
28,300,32.16
28,400,0.15
28,402,2.42
28,404,1.47
28,405,0.3
28,410,19.51
28,411,2.67
28,413,7.34
28,414,2.03
28,420,0.56
28,421,4.58
28,425,1.69
28,426,0.69
28,433,1.7
28,434,8.74
28,436,2.75
28,438,3.65
28,450,2.11
28,451,1.0
28,452,0.14
28,453,63.95
28,454,0.85
28,455,1.54
28,456,1.05
28,457,3.61
28,461,0.11
28,462,0.43
28,465,11.18
28,499,0.38
28,500,33.41
28,501,16.72
28,502,18.56
28,511,1.28
29,512,5.83
29,1,163.48
29,2,80.74
29,515,88.89
29,4,198.23
29,5,1045.47
29,518,97.19
29,513,8.81
29,8,326.64
29,9,79.91
29,10,20.9
29,11,48.19
29,12,326.38
29,13,176.87
29,15,58.84
29,16,60.85
29,17,2490.72
29,18,480.88
29,19,981.95
29,20,2135.11
29,21,251.33
29,22,266.58
29,23,57.65
29,24,120.12
29,25,146.37
29,26,515.97
29,27,247.1
29,28,426.01
29,29,39410.29
29,30,49.4
29,31,423.47
29,32,62.73
29,33,24.24
29,34,181.86
29,35,96.35
29,36,437.78
29,6,1361.24
29,38,65.42
29,39,478.47
29,40,618.63
29,41,95.35
29,42,326.2
29,44,28.46
29,45,88.17
29,46,91.89
29,47,352.64
29,48,939.19
29,520,13.83
29,50,19.82
29,51,187.69
29,53,181.13
29,54,83.78
29,55,282.6
29,56,53.65
29,522,21.33
29,950,5.08
29,524,7.88
29,514,5.94
29,599,16.21
29,600,180.28
29,100,4.52
29,105,11.95
29,110,36.66
29,115,1.89
29,532,20.81
29,534,11.47
29,535,7.11
29,516,3.23
29,536,1.42
29,150,71.02
29,537,7.32
29,160,1.87
29,540,10.77
29,517,22.34
29,541,2.24
29,542,8.07
29,700,14.71
29,544,1.75
29,710,14.71
29,200,464.96
29,210,137.65
29,37,158.49
29,250,31.94
29,260,40.25
29,521,189.47
29,49,93.2
29,299,1.97
29,300,77.2
29,400,2.79
29,401,1.61
29,402,0.97
29,404,1.68
29,405,4.29
29,410,53.98
29,411,7.6
29,413,25.04
29,414,11.08
29,420,5.15
29,421,14.91
29,425,6.77
29,426,6.91
29,430,16.66
29,433,9.97
29,434,25.57
29,436,1.94
29,438,9.43
29,450,5.76
29,451,8.59
29,452,4.94
29,453,204.68
29,454,8.61
29,455,11.98
29,456,16.99
29,457,117.26
29,461,2.0
29,462,0.96
29,465,112.84
29,499,3.26
29,500,162.15
29,501,50.14
29,502,86.66
29,509,1.45
29,511,6.4
30,512,0.48
30,1,21.44
30,514,0.05
30,515,16.2
30,4,77.75
30,5,22.2
30,6,576.16
30,513,0.43
30,8,170.24
30,9,21.35
30,10,6.05
30,11,11.92
30,12,57.22
30,2,47.42
30,15,12.52
30,16,165.78
30,17,128.76
30,18,59.29
30,19,87.13
30,20,55.39
30,21,18.52
30,22,26.46
30,23,12.68
30,24,27.0
30,25,41.54
30,26,114.75
30,27,213.72
30,28,11.64
30,29,66.58
30,30,5358.16
30,31,76.34
30,32,38.89
30,33,10.65
30,34,53.75
30,35,34.76
30,36,120.77
30,37,30.98
30,38,289.24
30,39,100.59
30,40,46.76
30,41,151.88
30,42,106.04
30,44,6.17
30,45,13.42
30,46,103.06
30,47,20.38
30,48,148.63
30,49,93.86
30,50,10.54
30,51,39.45
30,53,347.91
30,54,12.85
30,521,5.67
30,56,150.93
30,950,0.8
30,524,0.57
30,13,31.6
30,599,0.06
30,600,7.05
30,100,0.13
30,105,1.28
30,110,2.26
30,532,0.41
30,516,0.41
30,150,60.09
30,537,0.83
30,160,0.08
30,540,4.43
30,517,3.67
30,542,1.87
30,700,3.68
30,710,0.16
30,200,15.26
30,518,5.26
30,210,1.02
30,250,0.37
30,260,2.59
30,300,10.45
30,55,106.85
30,400,1.72
30,401,0.29
30,402,0.95
30,404,2.57
30,405,2.42
30,410,13.63
30,411,1.43
30,413,6.37
30,414,0.41
30,420,0.82
30,421,3.38
30,425,2.15
30,426,1.44
30,433,0.56
30,434,3.13
30,438,1.75
30,450,1.85
30,451,0.14
30,452,0.34
30,453,37.96
30,454,1.06
30,455,1.19
30,456,0.51
30,457,0.08
30,460,0.65
30,461,0.59
30,465,7.77
30,499,1.07
30,500,8.45
30,501,12.15
30,502,7.44
30,509,0.18
30,511,0.56
31,512,2.27
31,1,28.22
31,2,32.42
31,515,29.84
31,4,66.63
31,5,50.75
31,6,434.86
31,513,2.59
31,8,305.65
31,521,54.93
31,522,1.44
31,11,10.33
31,12,71.77
31,13,42.67
31,15,20.45
31,16,23.66
31,17,252.98
31,18,73.08
31,19,950.44
31,20,353.48
31,21,26.82
31,22,45.09
31,23,15.06
31,536,1.4
31,25,34.71
31,26,91.43
31,27,165.09
31,28,49.15
31,29,245.52
31,542,5.45
31,31,11822.71
31,32,19.08
31,33,5.48
31,34,48.21
31,35,34.2
31,36,117.75
31,37,46.81
31,38,72.0
31,39,99.55
31,40,86.69
31,41,42.24
31,42,64.83
31,44,5.85
31,45,16.02
31,46,313.74
31,47,42.27
31,48,235.14
31,49,41.89
31,50,3.36
31,51,51.87
31,53,72.44
31,54,20.33
31,55,81.63
31,56,79.12
31,10,3.4
31,950,1.78
31,524,0.81
31,514,2.77
31,599,4.33
31,600,94.04
31,100,0.39
31,105,4.72
31,110,7.13
31,532,18.79
31,534,1.01
31,535,1.79
31,516,0.63
31,24,29.62
31,150,18.16
31,537,2.57
31,160,0.6
31,540,3.7
31,517,12.94
31,541,1.2
31,30,34.77
31,700,2.51
31,544,0.63
31,710,1.59
31,200,481.06
31,518,56.35
31,210,117.86
31,250,6.7
31,260,12.7
31,520,0.83
31,9,17.65
31,299,0.55
31,300,24.2
31,400,3.32
31,401,0.24
31,404,0.18
31,405,0.88
31,410,21.45
31,411,1.22
31,413,6.49
31,414,1.59
31,420,1.0
31,421,5.74
31,425,2.16
31,426,1.84
31,430,0.77
31,433,1.11
31,434,5.66
31,436,1.13
31,438,5.2
31,450,1.45
31,452,0.78
31,453,55.38
31,454,0.81
31,455,2.42
31,456,4.83
31,457,9.0
31,461,0.78
31,462,3.05
31,465,16.37
31,499,1.55
31,500,37.44
31,501,19.74
31,502,33.88
31,509,0.5
31,511,3.48
32,512,13.85
32,513,13.76
32,2,67.72
32,515,735.32
32,4,341.8
32,517,57.85
32,6,4936.25
32,1,85.2
32,8,307.13
32,9,78.45
32,522,35.19
32,11,46.08
32,12,199.39
32,13,90.43
32,15,293.35
32,16,184.12
32,17,740.36
32,18,208.13
32,19,159.1
32,20,136.14
32,21,72.0
32,22,206.85
32,23,72.06
32,24,85.29
32,25,188.5
32,26,483.87
32,27,198.81
32,28,89.7
32,29,213.3
32,30,127.1
32,5,112.58
32,32,6301.47
32,33,23.81
32,34,264.04
32,35,167.32
32,36,916.91
32,37,103.04
32,38,72.16
32,39,460.65
32,40,163.24
32,41,251.58
32,42,409.73
32,44,36.84
32,45,51.74
32,46,74.22
32,47,86.58
32,48,554.02
32,49,515.48
32,50,14.59
32,51,113.11
32,53,310.09
32,54,51.54
32,521,83.46
32,56,89.37
32,10,10.65
32,950,18.08
32,524,5.11
32,514,8.0
32,599,9.51
32,600,143.24
32,100,9.73
32,105,39.91
32,110,45.31
32,115,4.83
32,532,11.9
32,534,22.18
32,535,3.48
32,516,1.71
32,536,1.41
32,150,119.41
32,537,21.27
32,160,0.86
32,540,1.48
32,541,3.55
32,542,8.32
32,31,169.04
32,700,17.87
32,544,0.1
32,710,14.32
32,200,2337.73
32,518,79.85
32,210,417.8
32,250,128.58
32,260,40.06
32,520,3.87
32,299,0.92
32,300,146.84
32,55,212.06
32,400,4.77
32,401,0.45
32,402,1.77
32,404,2.51
32,405,4.91
32,410,67.36
32,411,9.8
32,413,26.29
32,414,10.31
32,420,5.6
32,421,23.04
32,425,8.97
32,426,6.33
32,430,6.89
32,433,13.99
32,434,35.71
32,436,2.7
32,438,16.89
32,450,7.78
32,451,20.03
32,452,9.28
32,453,125.41
32,454,19.48
32,455,24.32
32,456,14.78
32,457,42.31
32,460,0.56
32,461,1.91
32,462,3.94
32,465,56.88
32,499,1.35
32,500,205.75
32,501,72.78
32,502,109.19
32,509,2.65
32,511,13.62
33,512,12.96
33,513,4.54
33,2,18.27
33,515,17.64
33,4,25.59
33,5,8.26
33,6,164.7
33,1,14.64
33,8,28.26
33,521,67.25
33,522,2.14
33,11,26.63
33,12,95.82
33,13,32.46
33,15,13.22
33,16,4.99
33,17,85.77
33,18,35.54
33,19,25.24
33,20,17.82
33,21,19.48
33,22,15.06
33,23,348.8
33,24,57.53
33,516,1.0
33,26,80.72
33,27,27.06
33,28,7.82
33,29,32.07
33,30,5.74
33,31,16.69
33,32,7.77
33,33,5521.21
33,34,219.74
33,35,7.95
33,36,611.31
33,518,18.96
33,38,7.56
33,39,101.79
33,40,14.41
33,41,15.48
33,42,194.53
33,44,129.54
33,45,23.65
33,46,4.4
33,47,16.0
33,48,75.86
33,49,14.37
33,50,279.7
33,51,66.82
33,53,23.94
33,54,11.43
33,9,331.26
33,56,3.99
33,10,14.05
33,524,10.87
33,514,0.88
33,599,4.54
33,600,43.3
33,100,0.19
33,105,2.32
33,110,38.01
33,115,1.28
33,534,4.31
33,535,1.52
33,536,0.22
33,150,110.6
33,25,3346.0
33,160,0.95
33,540,2.54
33,517,6.21
33,541,0.13
33,542,2.2
33,700,6.44
33,710,0.54
33,200,26.1
33,210,25.2
33,37,43.65
33,250,3.97
33,260,34.35
33,537,4.06
33,299,0.26
33,300,66.83
33,55,32.16
33,400,1.96
33,401,0.77
33,402,0.59
33,404,1.98
33,405,3.94
33,410,26.47
33,411,4.82
33,413,17.37
33,414,8.11
33,420,2.08
33,421,7.51
33,425,4.68
33,426,1.08
33,430,1.15
33,433,11.48
33,434,13.82
33,436,11.38
33,438,4.57
33,450,1.35
33,451,2.15
33,452,3.32
33,453,52.32
33,454,2.21
33,455,7.62
33,456,6.06
33,457,10.03
33,460,0.62
33,461,0.63
33,462,1.13
33,465,17.75
33,499,0.45
33,500,42.56
33,501,15.21
33,502,19.64
33,509,0.42
33,511,2.82
34,512,19.21
34,1,150.41
34,2,65.82
34,515,873.39
34,4,51.86
34,5,30.59
34,6,491.63
34,513,3.9
34,8,66.23
34,521,2381.45
34,522,53.54
34,11,120.3
34,12,399.26
34,13,318.07
34,15,41.86
34,16,12.85
34,17,343.44
34,18,127.96
34,19,53.26
34,20,49.74
34,21,62.04
34,22,80.93
34,23,71.18
34,24,317.46
34,25,481.43
34,26,227.47
34,27,72.66
34,28,53.67
34,29,98.72
34,542,131.2
34,517,31.22
34,32,17.45
34,33,54.31
34,34,45751.73
34,35,35.02
34,36,9481.56
34,37,499.28
34,38,15.48
34,39,340.52
34,40,44.39
34,41,33.15
34,42,5106.5
34,44,83.95
34,45,326.98
34,46,17.99
34,47,81.5
34,48,255.37
34,49,19.26
34,50,32.93
34,51,414.46
34,53,65.82
34,54,92.84
34,9,340.6
34,56,10.78
34,10,202.72
34,950,7.49
34,524,4.3
34,514,23.12
34,599,42.24
34,600,810.29
34,100,0.96
34,105,8.95
34,110,1355.5
34,115,19.04
34,532,8.82
34,534,132.37
34,535,46.21
34,516,8.3
34,536,10.74
34,150,177.13
34,537,46.14
34,160,17.11
34,540,10.06
34,541,52.73
34,30,13.76
34,31,43.58
34,700,26.75
34,544,5.31
34,710,0.97
34,200,1313.79
34,518,188.84
34,210,1300.29
34,250,471.63
34,260,2359.5
34,520,22.4
34,299,4.38
34,300,3105.61
34,55,77.02
34,400,12.2
34,401,8.82
34,402,2.34
34,404,9.1
34,405,12.8
34,410,147.48
34,411,37.73
34,413,111.53
34,414,104.22
34,420,16.62
34,421,76.06
34,425,34.18
34,426,23.6
34,430,36.55
34,433,139.89
34,434,498.57
34,436,367.36
34,438,86.26
34,450,27.6
34,451,18.18
34,452,55.38
34,453,328.21
34,454,64.26
34,455,545.4
34,456,71.79
34,457,101.69
34,460,7.49
34,461,16.98
34,462,13.66
34,465,524.41
34,499,11.8
34,500,842.38
34,501,134.68
34,502,710.29
34,509,1.78
34,511,6.68
35,512,2.93
35,1,50.18
35,2,48.38
35,515,35.44
35,4,456.3
35,5,71.0
35,6,1012.63
35,513,3.64
35,8,526.07
35,521,25.11
35,10,8.81
35,11,34.84
35,12,114.35
35,13,59.51
35,15,29.1
35,16,42.09
35,17,300.9
35,18,106.0
35,19,105.63
35,20,150.38
35,21,50.65
35,22,76.97
35,23,39.78
35,24,52.01
35,516,0.94
35,26,210.15
35,27,105.26
35,28,38.29
35,29,144.75
35,30,42.09
35,31,93.21
35,32,49.75
35,33,15.99
35,34,107.22
35,35,10492.99
35,36,354.93
35,37,61.83
35,38,34.48
35,39,203.91
35,40,242.51
35,41,70.64
35,42,187.91
35,44,12.55
35,45,34.15
35,46,41.96
35,47,57.36
35,48,1563.02
35,49,109.6
35,50,6.89
35,51,76.09
35,53,110.94
35,54,30.91
35,55,106.3
35,56,57.13
35,522,3.83
35,950,1.07
35,524,1.84
35,514,1.89
35,599,1.88
35,600,26.28
35,100,0.8
35,105,6.56
35,110,18.31
35,115,0.53
35,532,3.91
35,534,1.72
35,535,0.35
35,150,41.68
35,25,105.91
35,160,1.43
35,540,1.39
35,517,7.56
35,541,2.27
35,542,5.55
35,700,5.23
35,544,0.25
35,710,0.73
35,200,1482.34
35,518,29.36
35,210,70.17
35,250,28.95
35,260,9.07
35,520,1.89
35,9,44.49
35,537,1.29
35,299,0.11
35,300,41.63
35,400,1.66
35,401,2.01
35,402,1.7
35,404,0.69
35,405,2.89
35,410,32.52
35,411,3.76
35,413,13.36
35,414,3.56
35,420,1.01
35,421,10.5
35,425,8.05
35,426,3.39
35,430,0.57
35,433,2.38
35,434,13.13
35,436,1.47
35,438,9.38
35,450,3.96
35,451,1.36
35,452,2.42
35,453,103.1
35,454,2.66
35,455,5.23
35,456,3.97
35,457,1.25
35,461,0.72
35,462,1.23
35,465,15.53
35,499,1.11
35,500,42.6
35,501,33.43
35,502,22.55
35,509,0.53
35,511,0.96
36,512,67.02
36,1,429.17
36,514,98.81
36,515,888.81
36,4,151.45
36,517,112.51
36,6,1428.79
36,513,25.22
36,8,210.92
36,9,1260.47
36,522,176.09
36,11,262.33
36,12,1031.17
36,13,613.55
36,15,91.2
36,16,38.89
36,17,732.88
36,18,306.94
36,19,128.4
36,532,32.07
36,21,156.37
36,534,408.25
36,23,211.68
36,24,460.3
36,537,85.36
36,26,662.97
36,27,212.22
36,28,161.08
36,29,262.46
36,542,179.82
36,31,129.9
36,32,58.16
36,33,181.79
36,34,2847.74
36,35,86.55
36,36,123128.86
36,37,918.85
36,38,31.39
36,39,858.64
36,40,119.98
36,41,89.97
36,42,2833.52
36,44,219.45
36,45,859.7
36,46,43.53
36,47,216.15
36,48,661.32
36,49,71.16
36,50,360.48
36,51,737.1
36,53,210.47
36,54,149.58
36,521,2959.8
36,56,48.05
36,10,105.68
36,2,190.02
36,950,12.3
36,524,76.33
36,599,126.19
36,600,1665.67
36,100,3.37
36,105,14.12
36,110,3115.19
36,115,97.41
36,20,118.1
36,22,199.48
36,535,57.65
36,516,32.08
36,536,13.49
36,150,663.78
36,25,1404.19
36,5,80.87
36,160,12.23
36,540,29.05
36,541,44.49
36,30,46.91
36,700,105.16
36,544,137.57
36,710,2.96
36,200,2429.51
36,518,269.59
36,210,2537.46
36,250,312.58
36,260,10178.08
36,520,77.93
36,299,29.48
36,300,5859.98
36,55,240.31
36,400,22.69
36,401,16.72
36,402,8.2
36,404,23.63
36,405,40.99
36,410,346.11
36,411,62.14
36,413,256.38
36,414,329.51
36,420,51.68
36,421,266.67
36,425,61.9
36,426,57.49
36,430,204.85
36,433,385.63
36,434,1222.47
36,436,140.98
36,438,131.83
36,450,75.97
36,451,60.26
36,452,113.68
36,453,682.45
36,454,136.41
36,455,840.89
36,456,194.35
36,457,440.8
36,460,14.29
36,461,30.64
36,462,33.4
36,465,2277.68
36,499,56.01
36,500,3986.28
36,501,347.75
36,502,1056.65
36,509,12.94
36,511,35.61
37,512,11.88
37,1,498.5
37,2,109.28
37,515,152.17
37,4,160.26
37,5,145.73
37,6,1386.36
37,513,62.94
37,8,200.81
37,521,467.38
37,10,129.4
37,11,439.84
37,12,1826.63
37,13,1254.07
37,15,106.73
37,16,43.57
37,17,935.51
37,18,539.54
37,19,196.82
37,20,195.36
37,21,480.43
37,22,356.65
37,23,193.08
37,24,869.6
37,25,732.47
37,26,964.6
37,27,209.81
37,28,232.53
37,29,306.26
37,30,48.02
37,31,114.32
37,32,48.78
37,33,127.08
37,34,1552.7
37,35,91.8
37,36,4168.42
37,37,54848.43
37,38,53.15
37,39,1540.02
37,40,195.18
37,41,80.55
37,42,1857.77
37,44,125.29
37,45,2223.54
37,46,50.98
37,47,751.78
37,48,941.55
37,520,5.88
37,50,77.15
37,51,2887.66
37,53,229.56
37,54,868.45
37,55,278.55
37,56,23.03
37,522,30.32
37,950,4.81
37,524,9.7
37,514,10.48
37,599,27.08
37,600,418.1
37,100,4.06
37,105,12.03
37,110,207.33
37,115,21.61
37,532,6.64
37,534,15.0
37,535,13.32
37,516,7.89
37,536,6.33
37,150,192.31
37,537,14.54
37,160,8.22
37,540,9.76
37,517,72.62
37,541,4.14
37,542,19.46
37,700,22.92
37,544,6.99
37,710,5.11
37,200,2624.86
37,518,211.43
37,210,838.51
37,250,75.29
37,260,219.3
37,9,503.75
37,49,80.22
37,299,2.51
37,300,403.33
37,400,6.47
37,401,2.95
37,402,5.0
37,404,6.73
37,405,15.47
37,410,119.8
37,411,20.15
37,413,75.97
37,414,16.56
37,420,6.24
37,421,43.06
37,425,18.14
37,426,10.21
37,430,2.65
37,433,23.41
37,434,50.1
37,436,9.01
37,438,25.45
37,450,8.91
37,451,8.85
37,452,15.17
37,453,413.0
37,454,11.5
37,455,29.3
37,456,22.6
37,457,30.83
37,460,1.34
37,461,1.54
37,462,2.19
37,465,139.73
37,499,5.99
37,500,234.61
37,501,104.25
37,502,162.61
37,509,1.36
37,511,28.39
38,512,0.47
38,1,7.37
38,2,12.07
38,515,8.58
38,4,21.78
38,5,6.78
38,6,108.25
38,513,1.16
38,8,41.0
38,521,10.14
38,10,0.51
38,11,4.08
38,12,21.82
38,514,0.39
38,15,4.31
38,16,15.4
38,17,44.49
38,18,16.98
38,19,39.97
38,20,21.29
38,21,8.49
38,22,5.97
38,23,3.51
38,24,9.03
38,25,9.95
38,26,30.19
38,27,628.97
38,28,6.02
38,29,17.84
38,30,105.23
38,31,32.35
38,32,10.48
38,33,4.45
38,34,12.88
38,35,8.54
38,36,36.76
38,37,23.62
38,38,4634.19
38,39,23.47
38,40,13.6
38,41,14.68
38,42,23.82
38,44,2.2
38,45,5.94
38,46,174.36
38,47,6.72
38,48,72.11
38,49,11.17
38,50,1.81
38,51,9.79
38,53,59.11
38,54,1.9
38,9,2.46
38,56,19.95
38,522,0.05
38,438,0.44
38,524,0.19
38,13,8.54
38,599,0.63
38,600,31.29
38,100,1.3
38,105,1.01
38,110,3.11
38,532,4.74
38,535,1.16
38,150,41.39
38,540,0.78
38,517,0.35
38,542,1.47
38,700,0.93
38,710,0.28
38,200,8.53
38,518,7.98
38,210,0.79
38,250,0.28
38,260,1.08
38,300,4.88
38,55,57.42
38,400,0.28
38,404,1.79
38,405,0.51
38,410,5.45
38,411,0.56
38,413,1.41
38,414,0.65
38,421,1.4
38,425,0.27
38,430,0.05
38,433,0.11
38,434,1.96
38,950,1.26
38,450,0.46
38,453,19.8
38,454,0.56
38,455,0.26
38,456,0.17
38,457,7.57
38,465,5.69
38,500,11.61
38,501,4.77
38,502,3.38
38,509,0.41
38,511,0.43
39,512,10.63
39,1,711.89
39,2,126.0
39,515,163.3
39,4,165.42
39,5,165.83
39,6,968.45
39,513,22.52
39,8,170.53
39,9,186.46
39,522,32.08
39,11,120.12
39,12,681.04
39,514,11.14
39,15,73.25
39,16,36.38
39,17,1117.23
39,18,1355.04
39,19,186.23
39,20,169.46
39,21,2246.21
39,22,180.58
39,535,25.78
39,24,326.77
39,25,292.54
39,26,1602.4
39,27,201.25
39,28,295.67
39,29,314.17
39,30,38.31
39,517,40.0
39,32,47.06
39,33,48.22
39,34,478.39
39,35,65.98
39,36,1391.74
39,37,431.84
39,38,59.53
39,39,86375.78
39,40,173.44
39,41,72.68
39,42,2738.25
39,44,56.59
39,45,212.96
39,46,48.63
39,47,609.39
39,48,679.76
39,49,74.11
39,50,28.29
39,51,606.11
39,53,166.38
39,54,2736.37
39,521,526.86
39,56,33.2
39,10,57.75
39,950,3.4
39,524,5.18
39,13,552.67
39,599,37.94
39,600,481.7
39,100,4.34
39,105,10.88
39,110,286.55
39,115,5.77
39,532,13.99
39,534,23.85
39,23,78.18
39,516,5.36
39,536,11.8
39,150,181.22
39,537,51.22
39,160,4.64
39,540,18.73
39,541,18.31
39,542,25.29
39,31,94.65
39,700,19.23
39,544,3.24
39,710,1.37
39,200,502.57
39,518,100.25
39,210,169.12
39,250,20.41
39,260,112.85
39,520,1.09
39,299,0.63
39,300,176.96
39,55,308.27
39,400,5.53
39,401,3.18
39,402,1.03
39,404,2.46
39,405,9.13
39,410,110.2
39,411,25.17
39,413,57.52
39,414,24.96
39,420,8.5
39,421,38.24
39,425,19.42
39,426,5.45
39,430,23.52
39,433,57.8
39,434,116.3
39,436,4.29
39,438,19.74
39,450,23.02
39,451,11.08
39,452,23.77
39,453,353.04
39,454,45.36
39,455,63.5
39,456,72.37
39,457,137.07
39,460,5.5
39,461,6.17
39,462,8.81
39,465,259.44
39,499,18.76
39,500,325.51
39,501,126.1
39,502,128.48
39,509,1.84
39,511,25.45
40,512,6.24
40,1,120.37
40,2,69.49
40,515,53.04
40,4,213.71
40,5,997.66
40,6,1540.63
40,513,21.01
40,8,283.13
40,521,92.84
40,522,20.72
40,11,27.34
40,12,214.97
40,13,146.66
40,15,47.2
40,16,43.51
40,17,446.14
40,18,204.76
40,19,196.28
40,20,1030.46
40,21,106.03
40,22,236.56
40,23,44.75
40,24,68.85
40,516,2.47
40,26,239.98
40,27,110.73
40,28,118.04
40,29,677.36
40,30,46.01
40,31,140.62
40,32,48.19
40,33,17.76
40,34,83.24
40,35,212.96
40,36,258.91
40,37,130.93
40,38,45.55
40,39,287.91
40,40,22632.83
40,41,83.11
40,42,211.22
40,44,14.43
40,45,70.1
40,46,52.4
40,47,156.2
40,48,2459.14
40,49,47.23
40,50,5.73
40,51,126.25
40,53,149.95
40,54,52.62
40,9,42.6
40,56,49.36
40,10,14.35
40,950,12.11
40,524,5.32
40,514,5.52
40,599,4.6
40,600,95.22
40,100,1.22
40,105,11.98
40,110,35.66
40,115,1.78
40,532,2.08
40,534,3.29
40,535,5.0
40,536,1.93
40,150,50.49
40,25,84.31
40,160,2.13
40,540,13.62
40,517,14.4
40,541,4.67
40,542,4.36
40,700,8.01
40,710,4.28
40,200,1024.51
40,518,124.42
40,210,122.29
40,250,8.18
40,260,22.25
40,537,1.83
40,299,0.55
40,300,63.31
40,55,105.96
40,400,0.37
40,402,0.79
40,404,2.06
40,405,0.89
40,410,40.97
40,411,3.99
40,413,17.08
40,414,2.46
40,420,1.89
40,421,9.38
40,425,6.59
40,426,0.51
40,430,0.91
40,433,3.75
40,434,10.87
40,436,1.18
40,438,8.49
40,450,2.79
40,451,3.52
40,452,2.05
40,453,167.76
40,454,2.25
40,455,2.41
40,456,2.51
40,457,4.04
40,460,0.61
40,461,0.52
40,465,19.43
40,499,1.44
40,500,66.2
40,501,34.73
40,502,52.69
40,509,1.93
40,511,2.33
41,512,12.83
41,1,79.26
41,2,194.7
41,515,123.82
41,4,308.3
41,5,139.7
41,6,5229.11
41,513,28.11
41,8,372.6
41,521,132.7
41,10,13.27
41,11,55.77
41,12,173.55
41,13,85.74
41,15,182.74
41,16,534.15
41,17,520.94
41,18,188.47
41,19,270.45
41,20,238.18
41,21,69.34
41,22,89.61
41,23,53.19
41,24,89.62
41,25,195.48
41,26,365.38
41,27,389.41
41,28,55.35
41,29,252.99
41,30,327.28
41,31,259.82
41,32,164.64
41,33,30.39
41,34,170.87
41,35,115.35
41,36,527.11
41,518,206.69
41,38,206.22
41,39,347.95
41,40,257.12
41,41,17292.89
41,42,279.62
41,44,29.61
41,45,36.61
41,46,170.99
41,47,81.74
41,48,509.82
41,49,273.62
41,50,18.55
41,51,127.29
41,53,1990.18
41,54,43.98
41,55,266.85
41,56,96.31
41,522,27.54
41,950,13.56
41,524,6.86
41,514,4.65
41,599,16.42
41,600,95.62
41,100,6.4
41,105,20.0
41,110,14.96
41,115,0.38
41,532,13.08
41,534,10.76
41,535,5.95
41,516,3.2
41,536,4.81
41,150,206.88
41,537,7.78
41,160,0.61
41,540,15.84
41,517,29.36
41,541,1.98
41,542,4.81
41,700,23.49
41,544,0.25
41,710,38.03
41,200,1529.19
41,210,139.79
41,37,96.86
41,250,24.87
41,260,19.52
41,520,2.29
41,9,86.06
41,299,4.07
41,300,84.18
41,400,6.63
41,401,3.86
41,402,1.44
41,404,4.85
41,405,12.97
41,410,67.7
41,411,8.31
41,413,42.6
41,414,8.9
41,420,4.34
41,421,17.11
41,425,25.02
41,426,9.28
41,430,0.29
41,433,7.33
41,434,15.17
41,436,2.55
41,438,7.76
41,450,7.79
41,451,7.66
41,452,10.45
41,453,156.63
41,454,6.44
41,455,11.84
41,456,44.15
41,457,20.8
41,460,1.51
41,461,3.3
41,462,2.51
41,465,200.09
41,499,1.99
41,500,201.27
41,501,96.15
41,502,138.28
41,509,0.49
41,511,26.14
42,512,31.82
42,1,171.85
42,514,19.52
42,515,206.68
42,4,113.08
42,5,58.83
42,6,847.54
42,513,22.42
42,8,152.76
42,521,845.53
42,10,437.48
42,11,281.14
42,12,637.56
42,13,394.3
42,15,54.45
42,16,30.72
42,17,579.76
42,18,325.02
42,19,115.25
42,20,119.51
42,21,166.66
42,22,123.03
42,535,15.26
42,24,1830.97
42,25,565.87
42,26,523.46
42,27,151.78
42,28,94.86
42,29,207.83
42,542,42.54
42,31,73.6
42,32,43.91
42,33,81.25
42,34,4031.63
42,35,62.68
42,36,5093.34
42,518,349.31
42,38,28.03
42,39,1486.65
42,40,106.49
42,41,58.71
42,42,94053.22
42,44,111.69
42,45,405.6
42,46,30.04
42,47,184.82
42,48,488.47
42,49,53.46
42,50,46.25
42,51,858.35
42,53,143.48
42,54,638.74
42,9,421.49
42,56,24.21
42,522,28.91
42,2,99.48
42,950,2.52
42,524,11.13
42,599,36.95
42,600,523.61
42,100,1.02
42,105,6.75
42,110,1226.97
42,115,23.21
42,532,12.69
42,534,31.61
42,23,130.9
42,516,6.6
42,536,4.9
42,150,193.52
42,537,17.92
42,160,8.06
42,540,19.59
42,517,29.35
42,541,42.49
42,30,34.34
42,700,29.39
42,544,1.69
42,710,2.06
42,200,569.21
42,210,241.16
42,37,582.41
42,250,57.02
42,260,789.36
42,520,3.37
42,299,1.85
42,300,494.88
42,55,161.59
42,400,7.7
42,401,2.82
42,402,3.53
42,404,6.21
42,405,9.99
42,410,142.9
42,411,29.74
42,413,93.74
42,414,58.94
42,420,11.63
42,421,55.42
42,425,25.58
42,426,14.76
42,430,58.06
42,433,68.97
42,434,250.01
42,436,31.36
42,438,27.26
42,450,22.02
42,451,25.75
42,452,31.98
42,453,370.27
42,454,28.58
42,455,141.28
42,456,56.47
42,457,84.61
42,460,2.71
42,461,13.3
42,462,9.61
42,465,445.27
42,499,4.11
42,500,531.92
42,501,90.83
42,502,302.61
42,509,1.98
42,511,76.06
44,512,0.89
44,513,21.24
44,2,11.53
44,515,25.99
44,4,11.66
44,5,5.46
44,6,110.24
44,1,10.44
44,8,14.2
44,9,228.1
44,10,9.73
44,11,21.07
44,12,67.88
44,13,22.66
44,15,8.59
44,16,2.71
44,17,51.79
44,18,24.42
44,19,7.77
44,20,10.56
44,21,7.26
44,22,11.01
44,23,55.03
44,24,36.72
44,537,7.0
44,26,32.12
44,27,13.34
44,28,5.46
44,29,14.83
44,30,2.29
44,517,10.35
44,32,1.56
44,33,47.5
44,34,131.93
44,35,5.24
44,36,413.77
44,37,36.22
44,38,3.07
44,39,47.52
44,40,10.48
44,41,8.69
44,42,114.32
44,44,6193.05
44,45,14.63
44,46,3.63
44,47,11.53
44,48,42.54
44,49,2.88
44,50,23.09
44,51,42.26
44,53,13.01
44,54,4.53
44,521,30.0
44,56,2.72
44,522,4.09
44,438,3.45
44,524,2.1
44,514,1.93
44,599,3.34
44,600,88.01
44,100,0.23
44,105,3.47
44,110,140.56
44,115,2.61
44,532,0.78
44,534,2.36
44,535,1.48
44,516,1.81
44,536,0.38
44,150,50.53
44,25,969.32
44,160,86.76
44,540,0.2
44,541,3.55
44,542,4.45
44,31,6.27
44,700,3.71
44,710,1.1
44,200,40.54
44,518,7.63
44,210,185.07
44,250,4.9
44,260,252.92
44,520,0.93
44,299,0.94
44,300,110.83
44,55,20.41
44,400,0.47
44,401,0.74
44,404,1.76
44,405,3.01
44,410,16.74
44,411,3.89
44,413,11.28
44,414,10.15
44,420,1.42
44,421,9.88
44,425,1.42
44,426,1.04
44,430,0.43
44,433,9.18
44,434,34.28
44,436,185.22
44,950,0.27
44,450,1.31
44,451,0.89
44,453,25.18
44,454,2.94
44,455,16.72
44,456,2.24
44,457,0.79
44,460,0.68
44,461,0.33
44,462,0.24
44,465,23.85
44,499,0.69
44,500,43.35
44,501,6.35
44,502,17.13
44,509,0.37
44,511,32.18
45,512,1.08
45,1,286.64
45,2,49.52
45,515,86.86
45,4,71.1
45,5,87.72
45,6,527.9
45,513,9.22
45,8,90.9
45,521,102.14
45,522,6.81
45,11,166.7
45,12,878.69
45,13,1590.46
45,15,49.51
45,16,20.05
45,17,444.46
45,18,292.67
45,19,83.01
45,20,79.01
45,21,231.26
45,22,163.73
45,23,97.78
45,24,375.2
45,25,342.35
45,26,476.43
45,27,80.17
45,28,143.68
45,29,154.02
45,542,7.43
45,31,50.71
45,32,25.96
45,33,60.37
45,34,657.15
45,35,40.59
45,36,1740.9
45,37,2332.53
45,38,25.26
45,39,800.44
45,40,98.51
45,41,38.11
45,42,913.17
45,44,73.96
45,45,27040.76
45,46,39.24
45,47,361.95
45,48,420.17
45,49,27.34
45,50,38.93
45,51,669.17
45,53,97.56
45,54,328.65
45,9,260.12
45,56,17.42
45,10,56.0
45,950,0.82
45,524,1.24
45,514,1.26
45,599,5.64
45,600,66.62
45,100,0.63
45,105,12.25
45,110,83.3
45,115,8.06
45,532,6.31
45,534,10.35
45,535,6.12
45,516,1.25
45,536,2.41
45,150,81.62
45,537,4.43
45,160,6.05
45,540,2.44
45,517,14.17
45,541,1.79
45,30,17.86
45,700,6.86
45,710,2.91
45,200,738.92
45,518,47.32
45,210,215.95
45,250,15.56
45,260,77.02
45,520,1.43
45,299,2.87
45,300,179.66
45,55,126.43
45,400,1.43
45,401,2.36
45,402,2.45
45,404,2.67
45,405,5.45
45,410,73.42
45,411,11.36
45,413,37.62
45,414,14.16
45,420,5.66
45,421,32.13
45,425,9.12
45,426,5.96
45,430,3.87
45,433,12.68
45,434,23.63
45,436,5.04
45,438,12.35
45,450,3.98
45,451,6.45
45,452,3.95
45,453,222.89
45,454,4.28
45,455,14.69
45,456,13.82
45,457,4.59
45,460,1.25
45,461,1.87
45,462,2.7
45,465,52.36
45,499,1.74
45,500,79.71
45,501,58.3
45,502,53.71
45,509,0.44
45,511,9.54
46,512,0.54
46,1,9.17
46,2,16.16
46,515,10.36
46,4,29.5
46,5,10.62
46,6,189.41
46,513,2.34
46,8,83.57
46,521,11.49
46,10,3.26
46,11,5.84
46,12,27.56
46,13,13.43
46,15,4.59
46,16,15.21
46,17,86.67
46,18,29.08
46,19,331.03
46,20,45.76
46,21,8.62
46,22,10.86
46,23,4.02
46,24,10.29
46,516,0.33
46,26,49.01
46,27,475.97
46,28,8.69
46,29,37.93
46,30,41.75
46,31,254.67
46,32,9.14
46,33,3.87
46,34,15.62
46,35,15.65
46,36,32.31
46,518,4.49
46,38,232.44
46,39,36.68
46,40,26.67
46,41,26.57
46,42,29.49
46,44,4.99
46,45,10.15
46,46,5289.24
46,47,8.85
46,48,58.64
46,49,13.07
46,50,2.7
46,51,20.47
46,53,47.5
46,54,7.15
46,55,57.85
46,56,49.39
46,522,0.03
46,438,0.41
46,524,1.25
46,600,36.61
46,105,3.46
46,110,2.49
46,532,1.44
46,534,0.06
46,536,0.18
46,150,18.61
46,25,13.31
46,540,0.39
46,517,1.6
46,541,0.23
46,542,0.42
46,700,1.14
46,710,0.43
46,200,32.57
46,210,17.04
46,37,9.12
46,260,1.94
46,520,0.58
46,9,6.23
46,300,5.64
46,400,0.07
46,401,0.24
46,404,0.74
46,405,0.24
46,410,3.5
46,413,2.52
46,414,2.93
46,420,0.25
46,421,1.26
46,425,1.5
46,426,0.19
46,433,2.21
46,434,1.18
46,436,0.79
46,950,0.09
46,450,0.3
46,452,0.06
46,453,21.3
46,454,0.77
46,455,1.24
46,456,0.98
46,457,9.29
46,465,10.91
46,499,0.05
46,500,13.46
46,501,6.09
46,502,8.55
46,511,0.42
47,512,3.63
47,1,1117.91
47,2,80.38
47,515,83.2
47,4,125.42
47,5,579.47
47,6,971.66
47,513,46.94
47,8,156.71
47,9,119.81
47,522,26.3
47,11,90.85
47,12,1180.22
47,13,1096.1
47,15,66.03
47,16,38.64
47,17,1281.52
47,18,806.55
47,19,175.99
47,20,165.85
47,21,1406.89
47,22,454.0
47,23,73.44
47,24,259.75
47,25,224.06
47,26,1168.66
47,27,150.31
47,28,1350.74
47,29,496.59
47,30,28.56
47,31,90.98
47,544,9.11
47,33,42.95
47,34,318.44
47,35,64.2
47,36,847.21
47,37,775.71
47,38,28.15
47,39,1172.78
47,40,198.31
47,41,67.65
47,42,583.25
47,44,50.78
47,45,324.04
47,46,51.96
47,47,38638.35
47,48,902.81
47,49,53.97
47,50,24.51
47,51,932.15
47,53,139.13
47,54,319.24
47,521,184.63
47,56,21.61
47,10,37.3
47,950,4.35
47,524,4.3
47,514,4.09
47,599,12.64
47,600,236.93
47,100,2.55
47,105,16.89
47,110,65.29
47,115,6.31
47,532,41.92
47,534,9.19
47,535,5.43
47,516,3.0
47,536,5.34
47,150,93.68
47,537,5.72
47,160,2.15
47,540,6.52
47,517,18.34
47,541,4.05
47,542,6.64
47,700,17.25
47,32,38.14
47,710,5.47
47,200,943.46
47,518,79.24
47,210,313.33
47,250,31.28
47,260,60.5
47,520,1.62
47,299,0.53
47,300,119.08
47,55,250.36
47,400,2.65
47,401,1.81
47,402,1.81
47,404,3.85
47,405,5.36
47,410,61.25
47,411,8.26
47,413,28.07
47,414,7.35
47,420,4.17
47,421,19.06
47,425,7.58
47,426,3.98
47,430,1.66
47,433,4.36
47,434,19.14
47,436,5.54
47,438,11.56
47,450,4.68
47,451,2.84
47,452,3.58
47,453,237.3
47,454,3.05
47,455,14.04
47,456,15.75
47,457,24.31
47,460,0.26
47,461,2.78
47,462,1.84
47,465,69.91
47,499,3.18
47,500,113.06
47,501,68.35
47,502,86.42
47,509,0.39
47,511,9.72
48,512,54.77
48,1,923.4
48,514,50.0
48,515,851.89
48,4,836.14
48,5,1752.41
48,6,6327.18
48,513,92.56
48,8,1127.29
48,521,2182.53
48,10,104.04
48,11,234.72
48,12,1768.66
48,13,1025.52
48,15,294.17
48,16,196.39
48,17,3101.44
48,18,1280.78
48,19,901.57
48,20,1464.85
48,21,630.59
48,22,5114.69
48,23,351.61
48,24,560.6
48,537,79.89
48,26,1919.72
48,27,738.96
48,28,1223.46
48,29,1634.03
48,30,186.92
48,31,608.57
48,32,191.84
48,33,101.29
48,34,932.51
48,35,1386.9
48,36,2678.72
48,37,859.65
48,38,202.8
48,39,2013.39
48,40,3442.81
48,41,365.03
48,42,1576.16
48,44,127.13
48,45,433.3
48,46,249.99
48,47,1018.57
48,48,149941.18
48,49,368.96
48,50,56.3
48,51,938.33
48,53,742.61
48,54,313.09
48,55,779.86
48,56,195.27
48,522,224.67
48,2,338.72
48,438,83.17
48,524,74.43
48,599,89.81
48,600,1333.14
48,100,12.84
48,105,73.37
48,110,500.15
48,115,35.27
48,532,52.17
48,534,56.9
48,535,69.02
48,516,37.71
48,536,35.21
48,150,519.58
48,25,684.22
48,160,8.42
48,540,52.84
48,517,143.62
48,541,34.37
48,542,66.63
48,700,75.14
48,544,4.86
48,710,19.42
48,200,24839.07
48,518,1503.77
48,210,3327.76
48,250,225.67
48,260,371.62
48,520,18.89
48,9,341.48
48,299,17.04
48,300,1228.84
48,400,17.66
48,401,11.14
48,402,5.64
48,404,28.4
48,405,23.07
48,410,332.22
48,411,47.76
48,413,192.61
48,414,44.28
48,420,27.48
48,421,120.24
48,425,55.67
48,426,17.02
48,430,12.18
48,433,38.88
48,434,89.04
48,436,20.97
48,950,22.4
48,450,17.14
48,451,21.34
48,452,21.45
48,453,1029.79
48,454,26.5
48,455,57.23
48,456,61.78
48,457,96.78
48,460,2.14
48,461,4.22
48,462,4.19
48,465,242.13
48,499,14.86
48,500,1053.46
48,501,282.31
48,502,571.69
48,509,3.7
48,511,89.64
49,512,1.56
49,513,18.19
49,2,63.11
49,515,47.03
49,4,395.6
49,5,40.55
49,6,1954.82
49,1,35.62
49,8,354.96
49,9,37.31
49,522,10.58
49,11,26.44
49,12,110.92
49,13,63.02
49,15,79.01
49,16,764.58
49,17,194.59
49,18,88.89
49,19,74.29
49,20,74.28
49,21,40.64
49,22,47.08
49,23,29.59
49,24,58.53
49,25,80.47
49,26,142.43
49,27,89.66
49,28,33.79
49,29,102.92
49,30,123.06
49,31,77.76
49,32,252.33
49,33,19.13
49,34,70.29
49,35,175.22
49,36,222.35
49,518,56.3
49,38,41.17
49,39,147.21
49,40,69.58
49,41,205.56
49,42,131.43
49,44,8.66
49,45,33.23
49,46,43.99
49,47,40.01
49,48,325.88
49,49,16880.1
49,50,15.28
49,51,82.98
49,53,323.05
49,54,25.95
49,521,45.17
49,56,193.93
49,10,6.73
49,950,8.13
49,524,7.04
49,514,1.21
49,599,8.11
49,600,59.11
49,100,46.74
49,105,7.36
49,110,14.42
49,115,0.1
49,532,6.1
49,534,2.67
49,535,1.23
49,516,3.01
49,536,0.9
49,150,109.13
49,537,2.03
49,160,2.04
49,540,1.08
49,517,19.52
49,541,0.57
49,542,7.16
49,700,22.68
49,544,0.47
49,710,46.52
49,200,1022.36
49,210,134.44
49,37,55.42
49,250,5.98
49,260,11.66
49,520,0.54
49,299,0.26
49,300,233.25
49,55,86.21
49,400,5.01
49,401,3.23
49,402,0.73
49,404,5.71
49,405,4.32
49,410,50.19
49,411,3.8
49,413,14.78
49,414,2.93
49,420,4.07
49,421,9.32
49,425,15.72
49,426,3.14
49,433,4.62
49,434,9.59
49,436,1.19
49,438,9.54
49,450,1.72
49,451,4.28
49,452,6.85
49,453,105.52
49,454,1.77
49,455,5.17
49,456,2.62
49,457,37.5
49,460,0.56
49,461,0.15
49,462,1.2
49,465,42.09
49,499,0.15
49,500,73.11
49,501,43.34
49,502,61.2
49,509,1.43
49,511,12.98
50,512,0.2
50,1,5.06
50,2,16.19
50,515,1.49
50,4,12.41
50,5,2.89
50,6,79.47
50,513,1.22
50,8,19.79
50,9,239.76
50,10,7.87
50,11,20.78
50,12,46.88
50,13,9.85
50,15,6.21
50,16,6.2
50,17,52.98
50,18,22.88
50,19,8.3
50,20,7.17
50,21,8.6
50,534,0.91
50,23,72.61
50,24,29.24
50,25,434.46
50,26,43.31
50,27,23.68
50,28,2.24
50,29,16.12
50,30,4.27
50,31,4.22
50,32,2.69
50,33,373.81
50,34,164.46
50,35,2.69
50,36,574.27
50,37,23.58
50,38,1.62
50,39,52.77
50,40,5.45
50,41,4.66
50,42,123.32
50,44,43.61
50,45,8.79
50,46,4.15
50,47,10.28
50,48,37.23
50,49,6.36
50,50,3220.06
50,51,39.88
50,53,13.83
50,54,5.78
50,521,15.03
50,56,1.98
50,522,0.85
50,950,0.28
50,524,1.31
50,514,0.46
50,599,5.79
50,600,11.57
50,105,0.86
50,110,4.68
50,115,1.32
50,22,7.97
50,535,0.16
50,516,0.06
50,150,66.29
50,537,0.57
50,160,0.58
50,540,0.33
50,517,2.25
50,541,0.07
50,542,1.02
50,700,1.99
50,200,8.31
50,518,9.34
50,210,3.91
50,250,0.8
50,260,2.38
50,300,12.69
50,55,16.66
50,400,0.48
50,401,0.26
50,402,0.24
50,404,0.41
50,405,1.61
50,410,13.26
50,411,2.21
50,413,7.87
50,414,4.09
50,420,0.24
50,421,5.19
50,425,3.26
50,426,3.17
50,430,0.3
50,433,0.82
50,434,1.0
50,436,0.44
50,438,1.01
50,450,1.93
50,451,0.8
50,452,1.59
50,453,35.31
50,454,0.29
50,455,1.8
50,456,1.1
50,457,16.53
50,460,0.11
50,461,0.32
50,462,0.72
50,465,10.01
50,500,13.17
50,501,5.18
50,502,8.0
50,509,0.13
50,511,0.67
51,512,24.09
51,1,371.81
51,2,121.35
51,515,521.63
51,4,168.9
51,5,140.24
51,6,1522.47
51,513,28.98
51,520,94.51
51,521,948.83
51,10,139.37
51,11,1741.0
51,12,1001.59
51,13,679.57
51,15,175.28
51,16,59.36
51,17,864.73
51,18,425.57
51,19,195.79
51,20,198.99
51,21,445.57
51,22,316.2
51,23,173.44
51,24,1780.75
51,25,748.47
51,26,725.97
51,27,236.66
51,28,219.6
51,29,331.42
51,30,60.43
51,517,72.97
51,32,46.4
51,33,119.92
51,34,1337.2
51,35,105.41
51,36,3416.48
51,37,2270.73
51,38,57.48
51,39,1182.24
51,40,205.96
51,41,104.72
51,42,2399.11
51,44,160.2
51,45,587.47
51,46,59.56
51,47,833.09
51,48,1018.65
51,49,122.82
51,50,74.72
51,51,39649.32
51,53,280.59
51,54,1290.84
51,55,273.32
51,56,38.76
51,522,135.52
51,950,5.71
51,524,59.62
51,514,19.57
51,599,39.21
51,600,824.81
51,100,1.62
51,105,34.58
51,110,234.28
51,115,21.37
51,532,34.59
51,534,19.77
51,535,21.02
51,516,5.31
51,536,8.8
51,150,179.19
51,537,37.6
51,160,7.3
51,540,21.41
51,541,9.89
51,542,52.14
51,31,131.59
51,700,37.48
51,544,5.61
51,710,2.43
51,200,623.58
51,518,428.49
51,210,1457.95
51,8,239.01
51,250,51.31
51,260,231.17
51,9,443.38
51,299,4.15
51,300,913.95
51,400,7.12
51,401,6.03
51,402,7.41
51,404,9.34
51,405,11.3
51,410,152.42
51,411,26.73
51,413,98.78
51,414,27.24
51,420,13.95
51,421,65.52
51,425,26.22
51,426,8.9
51,430,8.88
51,433,38.11
51,434,88.35
51,436,18.73
51,438,50.86
51,450,13.59
51,451,9.61
51,452,13.9
51,453,514.54
51,454,16.22
51,455,37.98
51,456,37.31
51,457,45.58
51,460,2.65
51,461,3.64
51,462,6.24
51,465,181.59
51,499,3.29
51,500,392.17
51,501,179.29
51,502,570.12
51,509,12.8
51,511,41.57
53,512,37.97
53,1,147.87
53,2,392.87
53,515,634.8
53,4,434.96
53,5,207.53
53,6,5633.33
53,513,78.12
53,8,585.67
53,521,457.13
53,10,32.25
53,11,106.56
53,12,375.86
53,13,218.85
53,15,369.84
53,16,1014.73
53,17,930.51
53,18,339.16
53,19,430.13
53,20,385.74
53,21,141.44
53,22,239.0
53,535,11.93
53,24,201.34
53,25,353.79
53,26,681.6
53,27,721.37
53,28,120.3
53,29,429.6
53,30,816.96
53,31,345.55
53,32,188.49
53,33,58.49
53,34,293.38
53,35,195.15
53,36,939.18
53,518,534.76
53,38,466.03
53,39,595.17
53,40,317.84
53,41,2748.0
53,42,516.67
53,44,54.62
53,45,125.34
53,46,276.93
53,47,181.04
53,48,1030.77
53,49,442.27
53,50,39.21
53,51,293.16
53,53,31248.58
53,54,85.14
53,9,168.48
53,56,165.6
53,522,67.71
53,950,49.63
53,524,11.61
53,514,17.01
53,599,31.01
53,600,447.11
53,100,73.31
53,105,87.73
53,110,48.39
53,115,3.98
53,532,24.3
53,534,20.61
53,23,106.61
53,516,14.51
53,536,3.23
53,150,596.81
53,537,12.74
53,160,2.0
53,540,5.83
53,517,83.88
53,541,5.82
53,542,15.07
53,700,66.09
53,544,7.26
53,710,37.29
53,200,2292.08
53,210,215.32
53,37,230.82
53,250,20.47
53,260,50.29
53,520,6.44
53,299,0.75
53,300,176.89
53,55,445.12
53,400,13.85
53,401,7.37
53,402,7.08
53,404,30.11
53,405,22.29
53,410,150.09
53,411,21.53
53,413,93.02
53,414,30.05
53,420,9.0
53,421,46.29
53,425,41.34
53,426,13.27
53,430,3.97
53,433,14.3
53,434,36.66
53,436,8.33
53,438,21.89
53,450,16.85
53,451,15.93
53,452,20.55
53,453,412.96
53,454,15.84
53,455,49.13
53,456,68.06
53,457,55.07
53,460,10.46
53,461,10.29
53,462,3.78
53,465,631.37
53,499,4.58
53,500,633.83
53,501,240.92
53,502,525.96
53,509,5.62
53,511,118.03
54,512,1.49
54,1,29.33
54,2,37.65
54,515,10.58
54,4,22.13
54,5,9.9
54,6,113.68
54,513,0.15
54,8,21.02
54,9,27.27
54,10,18.95
54,11,104.13
54,12,141.37
54,13,67.64
54,15,10.79
54,16,8.62
54,17,103.18
54,18,71.3
54,19,14.87
54,20,23.25
54,21,216.81
54,22,20.01
54,23,13.25
54,24,737.07
54,25,52.81
54,26,106.53
54,27,14.93
54,28,17.88
54,29,35.2
54,30,4.88
54,31,11.77
54,32,5.43
54,33,7.83
54,34,120.17
54,35,12.43
54,36,173.45
54,37,155.97
54,38,7.67
54,39,891.11
54,40,21.58
54,41,10.64
54,42,528.1
54,44,8.99
54,45,49.06
54,46,4.55
54,47,58.1
54,48,94.0
54,49,9.87
54,50,9.98
54,51,741.29
54,53,39.31
54,54,13114.35
54,521,30.3
54,56,11.28
54,522,1.42
54,950,0.1
54,524,2.55
54,514,0.5
54,599,0.51
54,600,17.08
54,105,1.55
54,110,6.96
54,115,0.61
54,532,1.45
54,534,1.19
54,535,0.76
54,516,0.06
54,536,0.97
54,150,10.77
54,537,0.98
54,160,0.51
54,540,4.41
54,517,5.49
54,541,2.01
54,542,4.1
54,700,1.39
54,200,24.81
54,518,11.45
54,210,14.74
54,250,3.63
54,260,9.37
54,300,15.22
54,55,19.34
54,400,0.61
54,401,0.38
54,402,0.21
54,404,0.17
54,405,0.38
54,410,11.31
54,411,2.29
54,413,4.62
54,414,1.52
54,420,0.84
54,421,2.71
54,425,0.92
54,426,0.15
54,433,1.37
54,434,7.65
54,436,0.86
54,438,2.27
54,450,1.49
54,451,0.66
54,452,1.46
54,453,36.49
54,454,0.79
54,455,1.18
54,456,1.06
54,457,0.32
54,460,0.13
54,462,0.3
54,465,4.56
54,499,0.45
54,500,18.06
54,501,11.57
54,502,8.77
54,511,0.34
55,512,2.41
55,1,73.61
55,2,47.85
55,515,72.8
55,4,100.75
55,5,151.12
55,6,589.88
55,513,161.44
55,8,145.87
55,521,196.62
55,10,13.96
55,11,30.47
55,12,206.3
55,13,92.31
55,15,26.92
55,16,26.42
55,17,3440.82
55,18,371.53
55,19,642.54
55,20,116.63
55,21,90.12
55,22,96.71
55,23,41.2
55,24,78.52
55,25,108.94
55,26,1046.55
55,27,2041.61
55,28,300.24
55,29,231.06
55,30,49.53
55,31,116.82
55,32,28.17
55,33,19.75
55,34,128.56
55,35,33.4
55,36,350.5
55,37,77.3
55,38,136.08
55,39,370.5
55,40,62.21
55,41,49.84
55,42,248.62
55,44,18.98
55,45,52.46
55,46,127.3
55,47,149.22
55,48,379.97
55,49,39.9
55,50,19.31
55,51,126.83
55,53,131.59
55,54,42.29
55,55,40664.36
55,56,37.4
55,522,10.19
55,950,6.02
55,524,8.56
55,514,4.84
55,599,10.0
55,600,105.54
55,100,0.24
55,105,4.97
55,110,151.29
55,115,1.3
55,532,5.3
55,534,5.92
55,535,5.03
55,516,1.76
55,536,3.53
55,150,87.2
55,537,4.39
55,160,0.92
55,540,4.07
55,517,101.6
55,541,2.44
55,542,4.99
55,700,15.91
55,710,0.61
55,200,900.88
55,518,25.12
55,210,69.84
55,250,12.23
55,260,29.91
55,520,0.59
55,9,67.56
55,299,0.27
55,300,93.29
55,400,4.8
55,401,2.93
55,402,0.38
55,404,3.08
55,405,4.89
55,410,42.7
55,411,5.53
55,413,21.94
55,414,5.27
55,420,4.28
55,421,16.71
55,425,10.75
55,426,8.67
55,430,8.58
55,433,21.79
55,434,35.69
55,436,1.7
55,438,11.04
55,450,7.56
55,451,7.16
55,452,8.82
55,453,204.74
55,454,11.82
55,455,39.84
55,456,15.23
55,457,52.02
55,460,0.92
55,461,6.09
55,462,4.05
55,465,82.78
55,499,3.93
55,500,121.68
55,501,32.64
55,502,82.25
55,509,1.85
55,511,2.42
56,512,1.31
56,1,13.78
56,2,10.32
56,515,9.29
56,4,52.74
56,5,19.55
56,6,258.98
56,8,332.05
56,521,6.49
56,10,1.93
56,11,6.4
56,12,36.07
56,13,20.97
56,15,7.55
56,16,86.79
56,17,91.56
56,18,37.58
56,19,70.63
56,20,74.28
56,21,11.88
56,22,16.75
56,23,9.1
56,24,16.04
56,25,23.44
56,26,99.95
56,27,74.22
56,28,11.79
56,29,60.6
56,30,160.07
56,31,198.8
56,32,21.41
56,33,5.84
56,34,28.6
56,35,48.5
56,36,64.37
56,37,20.51
56,38,71.28
56,39,67.16
56,40,49.45
56,41,50.38
56,42,65.2
56,44,3.65
56,45,12.29
56,46,175.91
56,47,14.55
56,48,117.05
56,49,228.2
56,50,5.23
56,51,24.7
56,53,77.55
56,54,10.5
56,9,11.47
56,56,2313.55
56,522,1.19
56,600,4.24
56,100,0.01
56,105,0.92
56,110,1.71
56,115,0.28
56,516,0.09
56,150,12.66
56,537,0.18
56,517,1.18
56,542,0.99
56,700,3.21
56,710,0.26
56,200,67.49
56,518,0.89
56,210,11.3
56,250,0.44
56,260,0.67
56,300,11.02
56,55,53.12
56,400,0.56
56,401,0.55
56,402,0.48
56,404,0.19
56,405,1.05
56,410,6.77
56,411,0.57
56,413,1.72
56,414,1.91
56,420,0.2
56,421,1.02
56,425,1.88
56,426,0.64
56,433,1.17
56,434,1.06
56,436,1.3
56,438,0.73
56,450,0.78
56,451,1.43
56,452,0.94
56,453,17.93
56,456,0.44
56,457,0.5
56,461,0.91
56,462,0.04
56,465,4.02
56,499,0.54
56,500,5.45
56,501,6.05
56,502,6.03
